experiment, n, M, L, N, A, inst_type, linking, param, CPP_simscore, tMIP, tMIP_CPP, tDD_VS, tDD_toA, int_VS, int_VS_toA
1, 2, 5, 0.35, 20, 30.0, cavemen, cluster-reverse-custom, 0.0, 0.8666666666666667, 0.08, 0.09, 0.06, 0.06, 173, 269
2, 2, 5, 0.35, 20, 30.0, cavemen, cluster-reverse-custom, 0.25, 0.7777777777777778, 0.07, 0.18, 0.07, 0.09, 173, 269
3, 2, 5, 0.35, 20, 30.0, cavemen, cluster-reverse-custom, 0.5, 0.7333333333333334, 0.03, 0.11, 0.07, 0.06, 177, 201
4, 2, 5, 0.35, 20, 30.0, cavemen, cluster-reverse-custom, 0.75, 0.7333333333333334, 0.04, 0.09, 0.08, 0.07, 146, 178
5, 2, 5, 0.35, 20, 30.0, cavemen, cluster-reverse-custom, 1.0, 0.6888888888888889, 0.03, 0.07, 0.07, 0.06, 141, 141
6, 2, 5, 0.35, 20, 30.0, cavemen, cluster-reverse-custom, 0.0, 0.8444444444444444, 0.02, 0.10, 0.06, 0.05, 103, 216
7, 2, 5, 0.35, 20, 30.0, cavemen, cluster-reverse-custom, 0.25, 0.8444444444444444, 0.02, 0.08, 0.05, 0.05, 97, 145
8, 2, 5, 0.35, 20, 30.0, cavemen, cluster-reverse-custom, 0.5, 0.7555555555555555, 0.01, 0.09, 0.05, 0.05, 111, 167
9, 2, 5, 0.35, 20, 30.0, cavemen, cluster-reverse-custom, 0.75, 0.7555555555555555, 0.03, 0.13, 0.05, 0.06, 115, 131
10, 2, 5, 0.35, 20, 30.0, cavemen, cluster-reverse-custom, 1.0, 0.7111111111111111, 0.02, 0.09, 0.05, 0.06, 115, 115
11, 2, 5, 0.35, 20, 30.0, cavemen, cluster-reverse-custom, 0.0, 0.33333333333333337, 0.02, 0.07, 0.20, 0.13, 689, 401
12, 2, 5, 0.35, 20, 30.0, cavemen, cluster-reverse-custom, 0.25, 0.33333333333333337, 0.02, 0.06, 0.12, 0.13, 421, 347
13, 2, 5, 0.35, 20, 30.0, cavemen, cluster-reverse-custom, 0.5, 0.28888888888888886, 0.01, 0.09, 0.12, 0.12, 283, 267
14, 2, 5, 0.35, 20, 30.0, cavemen, cluster-reverse-custom, 0.75, 0.19999999999999996, 0.02, 0.08, 0.14, 0.13, 406, 246
15, 2, 5, 0.35, 20, 30.0, cavemen, cluster-reverse-custom, 1.0, 0.11111111111111116, 0.03, 0.10, 0.15, 0.13, 193, 162
16, 2, 5, 0.35, 20, 30.0, cavemen, cluster-reverse-custom, 0.0, 0.9333333333333333, 0.04, 0.11, 0.05, 0.05, 150, 191
17, 2, 5, 0.35, 20, 30.0, cavemen, cluster-reverse-custom, 0.25, 0.8444444444444444, 0.06, 0.10, 0.06, 0.07, 175, 295
18, 2, 5, 0.35, 20, 30.0, cavemen, cluster-reverse-custom, 0.5, 0.8, 0.02, 0.07, 0.05, 0.05, 106, 111
19, 2, 5, 0.35, 20, 30.0, cavemen, cluster-reverse-custom, 0.75, 0.8, 0.05, 0.09, 0.06, 0.05, 134, 135
20, 2, 5, 0.35, 20, 30.0, cavemen, cluster-reverse-custom, 1.0, 0.6666666666666667, 0.06, 0.13, 0.06, 0.06, 139, 139
21, 2, 5, 0.35, 20, 30.0, cavemen, cluster-reverse-custom, 0.0, 0.8444444444444444, 0.04, 0.10, 0.06, 0.06, 183, 339
22, 2, 5, 0.35, 20, 30.0, cavemen, cluster-reverse-custom, 0.25, 0.8, 0.05, 0.10, 0.06, 0.06, 150, 228
23, 2, 5, 0.35, 20, 30.0, cavemen, cluster-reverse-custom, 0.5, 0.7555555555555555, 0.04, 0.10, 0.06, 0.06, 168, 221
24, 2, 5, 0.35, 20, 30.0, cavemen, cluster-reverse-custom, 0.75, 0.8444444444444444, 0.02, 0.09, 0.07, 0.05, 130, 130
25, 2, 5, 0.35, 20, 30.0, cavemen, cluster-reverse-custom, 1.0, 0.7111111111111111, 0.02, 0.09, 0.06, 0.06, 120, 119
26, 2, 5, 0.35, 20, 30.0, cavemen, cluster-reverse-custom, 0.0, 0.9333333333333333, 0.03, 0.09, 0.06, 0.06, 119, 195
27, 2, 5, 0.35, 20, 30.0, cavemen, cluster-reverse-custom, 0.25, 0.8444444444444444, 0.03, 0.08, 0.06, 0.08, 165, 317
28, 2, 5, 0.35, 20, 30.0, cavemen, cluster-reverse-custom, 0.5, 0.7111111111111111, 0.02, 0.09, 0.06, 0.06, 193, 367
29, 2, 5, 0.35, 20, 30.0, cavemen, cluster-reverse-custom, 0.75, 0.7111111111111111, 0.01, 0.07, 0.06, 0.06, 165, 165
30, 2, 5, 0.35, 20, 30.0, cavemen, cluster-reverse-custom, 1.0, 0.6666666666666667, 0.02, 0.08, 0.06, 0.06, 149, 149
31, 2, 5, 0.35, 20, 30.0, cavemen, cluster-reverse-custom, 0.0, 0.8888888888888888, 0.07, 0.11, 0.05, 0.05, 147, 273
32, 2, 5, 0.35, 20, 30.0, cavemen, cluster-reverse-custom, 0.25, 0.8888888888888888, 0.03, 0.08, 0.05, 0.05, 122, 234
33, 2, 5, 0.35, 20, 30.0, cavemen, cluster-reverse-custom, 0.5, 0.8, 0.03, 0.08, 0.05, 0.05, 118, 134
34, 2, 5, 0.35, 20, 30.0, cavemen, cluster-reverse-custom, 0.75, 0.7111111111111111, 0.07, 0.09, 0.06, 0.05, 134, 150
35, 2, 5, 0.35, 20, 30.0, cavemen, cluster-reverse-custom, 1.0, 0.7111111111111111, 0.05, 0.10, 0.05, 0.05, 94, 94
36, 2, 5, 0.35, 20, 30.0, cavemen, cluster-reverse-custom, 0.0, 0.9333333333333333, 0.05, 0.10, 0.05, 0.05, 103, 151
37, 2, 5, 0.35, 20, 30.0, cavemen, cluster-reverse-custom, 0.25, 0.8444444444444444, 0.04, 0.07, 0.05, 0.06, 155, 257
38, 2, 5, 0.35, 20, 30.0, cavemen, cluster-reverse-custom, 0.5, 0.7555555555555555, 0.01, 0.07, 0.07, 0.08, 171, 365
39, 2, 5, 0.35, 20, 30.0, cavemen, cluster-reverse-custom, 0.75, 0.7111111111111111, 0.05, 0.09, 0.08, 0.06, 165, 165
40, 2, 5, 0.35, 20, 30.0, cavemen, cluster-reverse-custom, 1.0, 0.7111111111111111, 0.02, 0.06, 0.05, 0.05, 142, 142
41, 2, 5, 0.35, 20, 30.0, cavemen, cluster-reverse-custom, 0.0, 0.8666666666666667, 0.06, 0.10, 0.06, 0.05, 147, 179
42, 2, 5, 0.35, 20, 30.0, cavemen, cluster-reverse-custom, 0.25, 0.8666666666666667, 0.02, 0.06, 0.05, 0.05, 103, 119
43, 2, 5, 0.35, 20, 30.0, cavemen, cluster-reverse-custom, 0.5, 0.7333333333333334, 0.04, 0.09, 0.05, 0.06, 147, 195
44, 2, 5, 0.35, 20, 30.0, cavemen, cluster-reverse-custom, 0.75, 0.7777777777777778, 0.01, 0.07, 0.05, 0.05, 95, 95
45, 2, 5, 0.35, 20, 30.0, cavemen, cluster-reverse-custom, 1.0, 0.7333333333333334, 0.07, 0.09, 0.05, 0.05, 103, 103
46, 2, 5, 0.35, 20, 30.0, cavemen, cluster-reverse-custom, 0.0, 0.8666666666666667, 0.03, 0.08, 0.05, 0.06, 145, 249
47, 2, 5, 0.35, 20, 30.0, cavemen, cluster-reverse-custom, 0.25, 0.8222222222222222, 0.01, 0.07, 0.06, 0.06, 107, 187
48, 2, 5, 0.35, 20, 30.0, cavemen, cluster-reverse-custom, 0.5, 0.7777777777777778, 0.03, 0.11, 0.08, 0.05, 119, 231
49, 2, 5, 0.35, 20, 30.0, cavemen, cluster-reverse-custom, 0.75, 0.7333333333333334, 0.01, 0.07, 0.07, 0.06, 133, 149
50, 2, 5, 0.35, 20, 30.0, cavemen, cluster-reverse-custom, 1.0, 0.6888888888888889, 0.01, 0.09, 0.06, 0.05, 107, 107
51, 2, 8, 0.35, 32, 78.0, cavemen, cluster-reverse-custom, 0.0, 0.95, 0.21, 0.84, 0.52, 0.70, 1044, 3532
52, 2, 8, 0.35, 32, 78.0, cavemen, cluster-reverse-custom, 0.25, 0.8, 0.32, 0.74, 0.56, 0.61, 1217, 3201
53, 2, 8, 0.35, 32, 78.0, cavemen, cluster-reverse-custom, 0.5, 0.7166666666666667, 0.49, 0.84, 0.61, 0.75, 1205, 4441
54, 2, 8, 0.35, 32, 78.0, cavemen, cluster-reverse-custom, 0.75, 0.7166666666666667, 0.33, 0.81, 0.59, 0.55, 1156, 1156
55, 2, 8, 0.35, 32, 78.0, cavemen, cluster-reverse-custom, 1.0, 0.6333333333333333, 0.29, 0.77, 0.59, 0.63, 1161, 1161
56, 2, 8, 0.35, 32, 78.0, cavemen, cluster-reverse-custom, 0.0, 0.925, 0.23, 0.72, 0.53, 0.59, 891, 3003
57, 2, 8, 0.35, 32, 78.0, cavemen, cluster-reverse-custom, 0.25, 0.8083333333333333, 0.21, 0.76, 0.59, 0.83, 991, 3655
58, 2, 8, 0.35, 32, 78.0, cavemen, cluster-reverse-custom, 0.5, 0.725, 0.21, 0.81, 0.63, 0.58, 1119, 1415
59, 2, 8, 0.35, 32, 78.0, cavemen, cluster-reverse-custom, 0.75, 0.7416666666666667, 0.21, 0.93, 0.55, 0.54, 891, 1019
60, 2, 8, 0.35, 32, 78.0, cavemen, cluster-reverse-custom, 1.0, 0.6416666666666666, 0.22, 0.74, 0.62, 0.59, 807, 807
61, 2, 8, 0.35, 32, 78.0, cavemen, cluster-reverse-custom, 0.0, 0.9, 0.48, 0.77, 0.49, 0.50, 991, 1951
62, 2, 8, 0.35, 32, 78.0, cavemen, cluster-reverse-custom, 0.25, 0.8666666666666667, 0.32, 0.79, 0.56, 0.50, 799, 1759
63, 2, 8, 0.35, 32, 78.0, cavemen, cluster-reverse-custom, 0.5, 0.8, 0.27, 0.52, 0.52, 0.50, 831, 975
64, 2, 8, 0.35, 32, 78.0, cavemen, cluster-reverse-custom, 0.75, 0.7, 0.50, 0.92, 0.62, 0.54, 991, 1055
65, 2, 8, 0.35, 32, 78.0, cavemen, cluster-reverse-custom, 1.0, 0.6666666666666667, 0.51, 0.72, 0.56, 0.74, 807, 807
66, 2, 8, 0.35, 32, 78.0, cavemen, cluster-reverse-custom, 0.0, 0.375, 0.30, 0.81, 4.84, 4.94, 1056, 4250
67, 2, 8, 0.35, 32, 78.0, cavemen, cluster-reverse-custom, 0.25, 0.275, 0.17, 0.82, 5.23, 4.96, 5051, 1983
68, 2, 8, 0.35, 32, 78.0, cavemen, cluster-reverse-custom, 0.5, 0.22499999999999998, 0.32, 0.75, 4.88, 5.27, 2255, 1421
69, 2, 8, 0.35, 32, 78.0, cavemen, cluster-reverse-custom, 0.75, 0.14166666666666672, 0.27, 0.97, 4.95, 5.29, 1170, 1486
70, 2, 8, 0.35, 32, 78.0, cavemen, cluster-reverse-custom, 1.0, 0.09166666666666667, 0.28, 0.83, 5.16, 5.38, 1101, 854
71, 2, 8, 0.35, 32, 78.0, cavemen, cluster-reverse-custom, 0.0, 0.9, 0.30, 0.87, 0.58, 0.59, 807, 1551
72, 2, 8, 0.35, 32, 78.0, cavemen, cluster-reverse-custom, 0.25, 0.8, 0.45, 0.89, 0.60, 0.69, 1157, 2149
73, 2, 8, 0.35, 32, 78.0, cavemen, cluster-reverse-custom, 0.5, 0.7333333333333334, 0.37, 0.87, 0.58, 0.66, 807, 1551
74, 2, 8, 0.35, 32, 78.0, cavemen, cluster-reverse-custom, 0.75, 0.7, 0.70, 0.89, 0.77, 0.58, 1173, 1173
75, 2, 8, 0.35, 32, 78.0, cavemen, cluster-reverse-custom, 1.0, 0.6333333333333333, 0.47, 0.90, 0.60, 0.62, 1157, 1157
76, 2, 8, 0.35, 32, 78.0, cavemen, cluster-reverse-custom, 0.0, 0.8416666666666667, 0.36, 0.73, 0.50, 0.67, 1095, 3855
77, 2, 8, 0.35, 32, 78.0, cavemen, cluster-reverse-custom, 0.25, 0.7916666666666666, 0.30, 0.67, 0.54, 0.53, 971, 1931
78, 2, 8, 0.35, 32, 78.0, cavemen, cluster-reverse-custom, 0.5, 0.7583333333333333, 0.40, 0.72, 0.50, 0.54, 843, 1291
79, 2, 8, 0.35, 32, 78.0, cavemen, cluster-reverse-custom, 0.75, 0.725, 0.28, 0.76, 0.51, 0.53, 839, 975
80, 2, 8, 0.35, 32, 78.0, cavemen, cluster-reverse-custom, 1.0, 0.675, 0.29, 0.71, 0.55, 0.54, 683, 683
81, 2, 8, 0.35, 32, 78.0, cavemen, cluster-reverse-custom, 0.0, 0.4, 0.36, 0.75, 3.10, 4.40, 4135, 7154
82, 2, 8, 0.35, 32, 78.0, cavemen, cluster-reverse-custom, 0.25, 0.2833333333333333, 0.37, 0.63, 3.42, 4.88, 4405, 7217
83, 2, 8, 0.35, 32, 78.0, cavemen, cluster-reverse-custom, 0.5, 0.25, 0.34, 0.76, 2.94, 4.90, 1063, 3332
84, 2, 8, 0.35, 32, 78.0, cavemen, cluster-reverse-custom, 0.75, 0.15000000000000002, 0.23, 0.76, 3.69, 4.72, 1413, 1040
85, 2, 8, 0.35, 32, 78.0, cavemen, cluster-reverse-custom, 1.0, 0.06666666666666665, 0.34, 0.74, 3.95, 4.55, 870, 839
86, 2, 8, 0.35, 32, 78.0, cavemen, cluster-reverse-custom, 0.0, 0.85, 0.38, 0.68, 0.52, 0.63, 1087, 3839
87, 2, 8, 0.35, 32, 78.0, cavemen, cluster-reverse-custom, 0.25, 0.8333333333333334, 0.55, 0.72, 0.51, 0.56, 843, 1419
88, 2, 8, 0.35, 32, 78.0, cavemen, cluster-reverse-custom, 0.5, 0.7666666666666666, 0.49, 0.72, 0.48, 0.53, 863, 1231
89, 2, 8, 0.35, 32, 78.0, cavemen, cluster-reverse-custom, 0.75, 0.7833333333333333, 0.35, 0.68, 0.49, 0.47, 715, 715
90, 2, 8, 0.35, 32, 78.0, cavemen, cluster-reverse-custom, 1.0, 0.6833333333333333, 0.44, 0.69, 0.52, 0.57, 707, 771
91, 2, 8, 0.35, 32, 78.0, cavemen, cluster-reverse-custom, 0.0, 0.8833333333333333, 0.31, 0.68, 0.54, 0.56, 1157, 3141
92, 2, 8, 0.35, 32, 78.0, cavemen, cluster-reverse-custom, 0.25, 0.7833333333333333, 0.45, 0.82, 0.53, 0.63, 1153, 3145
93, 2, 8, 0.35, 32, 78.0, cavemen, cluster-reverse-custom, 0.5, 0.7, 0.40, 0.77, 0.56, 0.60, 1163, 1611
94, 2, 8, 0.35, 32, 78.0, cavemen, cluster-reverse-custom, 0.75, 0.7166666666666667, 0.34, 0.78, 0.61, 0.55, 943, 1129
95, 2, 8, 0.35, 32, 78.0, cavemen, cluster-reverse-custom, 1.0, 0.65, 0.25, 0.79, 0.64, 0.59, 959, 1145
96, 2, 8, 0.35, 32, 78.0, cavemen, cluster-reverse-custom, 0.0, 0.8666666666666667, 0.62, 0.72, 0.54, 0.71, 1095, 4703
97, 2, 8, 0.35, 32, 78.0, cavemen, cluster-reverse-custom, 0.25, 0.7666666666666666, 0.22, 0.71, 0.55, 0.65, 1095, 4703
98, 2, 8, 0.35, 32, 78.0, cavemen, cluster-reverse-custom, 0.5, 0.7833333333333333, 0.63, 0.80, 0.64, 0.53, 995, 1271
99, 2, 8, 0.35, 32, 78.0, cavemen, cluster-reverse-custom, 0.75, 0.75, 0.34, 0.69, 0.57, 0.53, 799, 799
100, 2, 8, 0.35, 32, 78.0, cavemen, cluster-reverse-custom, 1.0, 0.6666666666666667, 0.52, 0.89, 0.57, 0.61, 873, 1001
101, 2, 10, 0.35, 40, 122.0, cavemen, cluster-reverse-custom, 0.0, 0.8947368421052632, 1.87, 3.89, 2.45, 2.57, 3139, 6679
102, 2, 10, 0.35, 40, 122.0, cavemen, cluster-reverse-custom, 0.25, 0.8210526315789474, 1.54, 3.58, 2.62, 2.73, 3663, 9735
103, 2, 10, 0.35, 40, 122.0, cavemen, cluster-reverse-custom, 0.5, 0.7473684210526316, 2.28, 4.36, 2.57, 2.57, 3663, 4359
104, 2, 10, 0.35, 40, 122.0, cavemen, cluster-reverse-custom, 0.75, 0.6736842105263158, 2.57, 4.04, 2.75, 2.77, 3139, 3543
105, 2, 10, 0.35, 40, 122.0, cavemen, cluster-reverse-custom, 1.0, 0.6421052631578947, 1.68, 3.84, 2.89, 2.85, 3127, 3639
106, 2, 10, 0.35, 40, 122.0, cavemen, cluster-reverse-custom, 0.0, 0.8947368421052632, 1.75, 3.94, 2.15, 2.26, 2887, 5391
107, 2, 10, 0.35, 40, 122.0, cavemen, cluster-reverse-custom, 0.25, 0.8526315789473684, 1.79, 3.05, 2.20, 2.26, 2911, 5399
108, 2, 10, 0.35, 40, 122.0, cavemen, cluster-reverse-custom, 0.5, 0.7684210526315789, 2.42, 3.88, 2.34, 2.28, 2879, 4095
109, 2, 10, 0.35, 40, 122.0, cavemen, cluster-reverse-custom, 0.75, 0.6842105263157895, 1.74, 3.71, 2.44, 2.56, 2607, 5131
110, 2, 10, 0.35, 40, 122.0, cavemen, cluster-reverse-custom, 1.0, 0.6631578947368422, 2.36, 4.17, 2.94, 2.59, 2888, 3415
111, 2, 10, 0.35, 40, 122.0, cavemen, cluster-reverse-custom, 0.0, 0.3526315789473684, 1.71, 3.18, 46.60, 48.37, 18817, 26379
112, 2, 10, 0.35, 40, 122.0, cavemen, cluster-reverse-custom, 0.25, 0.32105263157894737, 2.03, 2.52, 45.98, 49.47, 22473, 25595
113, 2, 10, 0.35, 40, 122.0, cavemen, cluster-reverse-custom, 0.5, 0.2578947368421053, 1.86, 3.02, 43.99, 47.15, 22517, 3878
114, 2, 10, 0.35, 40, 122.0, cavemen, cluster-reverse-custom, 0.75, 0.1947368421052632, 2.10, 2.72, 38.64, 42.58, 13317, 2632
115, 2, 10, 0.35, 40, 122.0, cavemen, cluster-reverse-custom, 1.0, 0.14210526315789473, 2.29, 3.04, 39.29, 43.45, 45484, 2634
116, 2, 10, 0.35, 40, 122.0, cavemen, cluster-reverse-custom, 0.0, 0.9315789473684211, 2.36, 3.53, 2.71, 2.79, 3679, 6903
117, 2, 10, 0.35, 40, 122.0, cavemen, cluster-reverse-custom, 0.25, 0.8368421052631578, 2.33, 3.43, 2.90, 2.97, 3679, 13047
118, 2, 10, 0.35, 40, 122.0, cavemen, cluster-reverse-custom, 0.5, 0.7736842105263158, 2.64, 3.47, 3.08, 3.06, 2643, 3351
119, 2, 10, 0.35, 40, 122.0, cavemen, cluster-reverse-custom, 0.75, 0.7105263157894737, 1.90, 3.67, 2.76, 2.99, 2959, 3479
120, 2, 10, 0.35, 40, 122.0, cavemen, cluster-reverse-custom, 1.0, 0.6157894736842106, 2.23, 3.84, 3.17, 3.13, 3679, 3423
121, 2, 10, 0.35, 40, 122.0, cavemen, cluster-reverse-custom, 0.0, 0.9052631578947369, 3.02, 4.41, 2.85, 3.37, 4175, 21471
122, 2, 10, 0.35, 40, 122.0, cavemen, cluster-reverse-custom, 0.25, 0.8947368421052632, 2.17, 3.70, 2.94, 2.67, 3371, 4399
123, 2, 10, 0.35, 40, 122.0, cavemen, cluster-reverse-custom, 0.5, 0.736842105263158, 3.13, 4.69, 2.86, 3.33, 4231, 14359
124, 2, 10, 0.35, 40, 122.0, cavemen, cluster-reverse-custom, 0.75, 0.6947368421052631, 2.95, 4.80, 2.89, 3.03, 3727, 4015
125, 2, 10, 0.35, 40, 122.0, cavemen, cluster-reverse-custom, 1.0, 0.6105263157894737, 1.70, 3.49, 3.33, 3.22, 3679, 3679
126, 2, 10, 0.35, 40, 122.0, cavemen, cluster-reverse-custom, 0.0, 0.8789473684210526, 1.79, 3.58, 2.33, 2.72, 3107, 11271
127, 2, 10, 0.35, 40, 122.0, cavemen, cluster-reverse-custom, 0.25, 0.8578947368421053, 2.48, 2.97, 2.25, 2.34, 2595, 3591
128, 2, 10, 0.35, 40, 122.0, cavemen, cluster-reverse-custom, 0.5, 0.7421052631578947, 2.06, 3.05, 2.43, 2.66, 3671, 8479
129, 2, 10, 0.35, 40, 122.0, cavemen, cluster-reverse-custom, 0.75, 0.6894736842105262, 2.65, 4.00, 2.57, 2.52, 2887, 3031
130, 2, 10, 0.35, 40, 122.0, cavemen, cluster-reverse-custom, 1.0, 0.6157894736842106, 1.11, 2.31, 2.69, 2.70, 3639, 3383
131, 2, 10, 0.35, 40, 122.0, cavemen, cluster-reverse-custom, 0.0, 0.9421052631578948, 2.12, 3.81, 2.57, 2.87, 3415, 16119
132, 2, 10, 0.35, 40, 122.0, cavemen, cluster-reverse-custom, 0.25, 0.8894736842105263, 2.81, 4.00, 2.83, 2.52, 3735, 4615
133, 2, 10, 0.35, 40, 122.0, cavemen, cluster-reverse-custom, 0.5, 0.7315789473684211, 1.56, 3.72, 2.84, 3.50, 3021, 17315
134, 2, 10, 0.35, 40, 122.0, cavemen, cluster-reverse-custom, 0.75, 0.6894736842105262, 1.99, 3.74, 2.92, 3.08, 3711, 4723
135, 2, 10, 0.35, 40, 122.0, cavemen, cluster-reverse-custom, 1.0, 0.6157894736842106, 2.07, 3.97, 3.00, 3.05, 3607, 4495
136, 2, 10, 0.35, 40, 122.0, cavemen, cluster-reverse-custom, 0.0, 0.8947368421052632, 0.88, 2.92, 2.52, 2.99, 2971, 17211
137, 2, 10, 0.35, 40, 122.0, cavemen, cluster-reverse-custom, 0.25, 0.7894736842105263, 1.05, 2.84, 2.50, 3.25, 3703, 16679
138, 2, 10, 0.35, 40, 122.0, cavemen, cluster-reverse-custom, 0.5, 0.8105263157894737, 1.17, 3.11, 2.55, 2.54, 2935, 3175
139, 2, 10, 0.35, 40, 122.0, cavemen, cluster-reverse-custom, 0.75, 0.736842105263158, 2.06, 3.07, 2.53, 2.49, 2623, 2879
140, 2, 10, 0.35, 40, 122.0, cavemen, cluster-reverse-custom, 1.0, 0.631578947368421, 0.51, 3.14, 2.87, 2.88, 2879, 3391
141, 2, 10, 0.35, 40, 122.0, cavemen, cluster-reverse-custom, 0.0, 0.8789473684210526, 2.10, 3.73, 2.50, 3.14, 2803, 20425
142, 2, 10, 0.35, 40, 122.0, cavemen, cluster-reverse-custom, 0.25, 0.8368421052631578, 2.30, 2.88, 2.64, 2.76, 2719, 6655
143, 2, 10, 0.35, 40, 122.0, cavemen, cluster-reverse-custom, 0.5, 0.7526315789473684, 2.49, 3.21, 2.47, 2.54, 2783, 4351
144, 2, 10, 0.35, 40, 122.0, cavemen, cluster-reverse-custom, 0.75, 0.7315789473684211, 2.11, 3.14, 2.71, 2.84, 3739, 3739
145, 2, 10, 0.35, 40, 122.0, cavemen, cluster-reverse-custom, 1.0, 0.6789473684210526, 2.78, 3.13, 2.71, 2.75, 2463, 2911
146, 2, 10, 0.35, 40, 122.0, cavemen, cluster-reverse-custom, 0.0, 0.8947368421052632, 2.19, 3.30, 2.44, 2.54, 3143, 6167
147, 2, 10, 0.35, 40, 122.0, cavemen, cluster-reverse-custom, 0.25, 0.8526315789473684, 2.15, 4.38, 2.32, 2.35, 3227, 4667
148, 2, 10, 0.35, 40, 122.0, cavemen, cluster-reverse-custom, 0.5, 0.7894736842105263, 1.70, 3.20, 2.34, 2.48, 3151, 3711
149, 2, 10, 0.35, 40, 122.0, cavemen, cluster-reverse-custom, 0.75, 0.736842105263158, 2.53, 3.10, 2.40, 2.42, 2895, 3151
150, 2, 10, 0.35, 40, 122.0, cavemen, cluster-reverse-custom, 1.0, 0.631578947368421, 2.27, 4.29, 2.78, 2.72, 3407, 3663
151, 2, 13, 0.35, 52, 206.0, cavemen, cluster-reverse-custom, 0.0, 0.8830769230769231, 15.32, 54.19, 23.94, 30.65, 28843, 130123
152, 2, 13, 0.35, 52, 206.0, cavemen, cluster-reverse-custom, 0.25, 0.803076923076923, 18.31, 60.71, 25.08, 30.86, 26791, 128086
153, 2, 13, 0.35, 52, 206.0, cavemen, cluster-reverse-custom, 0.5, 0.7353846153846153, 40.86, 79.55, 25.79, 26.00, 26839, 30855
154, 2, 13, 0.35, 52, 206.0, cavemen, cluster-reverse-custom, 0.75, 0.6861538461538461, 37.02, 158.69, 28.83, 26.09, 26799, 26015
155, 2, 13, 0.35, 52, 206.0, cavemen, cluster-reverse-custom, 1.0, 0.6369230769230769, 29.60, 62.92, 27.67, 27.92, 18567, 21639
156, 2, 13, 0.35, 52, 206.0, cavemen, cluster-reverse-custom, 0.0, 0.9384615384615385, 11.23, 57.26, 25.33, 27.29, 22755, 94307
157, 2, 13, 0.35, 52, 206.0, cavemen, cluster-reverse-custom, 0.25, 0.8215384615384616, 11.09, 48.53, 27.13, 29.33, 26871, 94327
158, 2, 13, 0.35, 52, 206.0, cavemen, cluster-reverse-custom, 0.5, 0.7661538461538462, 41.68, 110.43, 27.74, 27.76, 24823, 26743
159, 2, 13, 0.35, 52, 206.0, cavemen, cluster-reverse-custom, 0.75, 0.7046153846153846, 47.01, 177.00, 30.12, 27.72, 22727, 24887
160, 2, 13, 0.35, 52, 206.0, cavemen, cluster-reverse-custom, 1.0, 0.6061538461538462, 11.39, 50.99, 35.48, 32.20, 26815, 28863
161, 2, 13, 0.35, 52, 206.0, cavemen, cluster-reverse-custom, 0.0, 0.8461538461538461, 21.18, 84.73, 23.97, 24.77, 21631, 42007
162, 2, 13, 0.35, 52, 206.0, cavemen, cluster-reverse-custom, 0.25, 0.8092307692307692, 22.46, 63.50, 24.56, 25.07, 21631, 33815
163, 2, 13, 0.35, 52, 206.0, cavemen, cluster-reverse-custom, 0.5, 0.7230769230769231, 11.24, 43.47, 26.49, 26.54, 25771, 26683
164, 2, 13, 0.35, 52, 206.0, cavemen, cluster-reverse-custom, 0.75, 0.7107692307692308, 35.97, 63.95, 25.97, 27.06, 20575, 24671
165, 2, 13, 0.35, 52, 206.0, cavemen, cluster-reverse-custom, 1.0, 0.6492307692307693, 19.67, 68.56, 30.46, 29.00, 21183, 25791
166, 2, 13, 0.35, 52, 206.0, cavemen, cluster-reverse-custom, 0.0, 0.9507692307692308, 31.51, 94.98, 26.21, 32.40, 32911, 184359
167, 2, 13, 0.35, 52, 206.0, cavemen, cluster-reverse-custom, 0.25, 0.8523076923076923, 38.88, 103.59, 27.12, 32.88, 32991, 184431
168, 2, 13, 0.35, 52, 206.0, cavemen, cluster-reverse-custom, 0.5, 0.7230769230769231, 33.99, 79.13, 30.86, 32.69, 32951, 118863
169, 2, 13, 0.35, 52, 206.0, cavemen, cluster-reverse-custom, 0.75, 0.6738461538461539, 106.79, 154.27, 31.50, 30.62, 28835, 28835
170, 2, 13, 0.35, 52, 206.0, cavemen, cluster-reverse-custom, 1.0, 0.5692307692307692, 32.09, 108.76, 36.41, 37.37, 28751, 28751
171, 2, 13, 0.35, 52, 206.0, cavemen, cluster-reverse-custom, 0.0, 0.8923076923076922, 30.13, 76.39, 24.93, 25.18, 25259, 31307
172, 2, 13, 0.35, 52, 206.0, cavemen, cluster-reverse-custom, 0.25, 0.7753846153846153, 23.84, 84.89, 26.97, 32.62, 25799, 125559
173, 2, 13, 0.35, 52, 206.0, cavemen, cluster-reverse-custom, 0.5, 0.7692307692307692, 61.97, 131.05, 25.80, 25.58, 19143, 25383
174, 2, 13, 0.35, 52, 206.0, cavemen, cluster-reverse-custom, 0.75, 0.7261538461538461, 76.46, 238.52, 26.65, 26.80, 21191, 25367
175, 2, 13, 0.35, 52, 206.0, cavemen, cluster-reverse-custom, 1.0, 0.6092307692307692, 65.07, 151.19, 32.27, 33.02, 24671, 24671
176, 2, 13, 0.35, 52, 206.0, cavemen, cluster-reverse-custom, 0.0, 0.8861538461538462, 27.85, 108.91, 29.24, 27.65, 28811, 43083
177, 2, 13, 0.35, 52, 206.0, cavemen, cluster-reverse-custom, 0.25, 0.7876923076923077, 26.84, 62.24, 27.90, 29.41, 26779, 43099
178, 2, 13, 0.35, 52, 206.0, cavemen, cluster-reverse-custom, 0.5, 0.7753846153846153, 53.58, 152.35, 28.59, 32.83, 22631, 96311
179, 2, 13, 0.35, 52, 206.0, cavemen, cluster-reverse-custom, 0.75, 0.7076923076923076, 40.18, 109.83, 28.69, 27.09, 22623, 26783
180, 2, 13, 0.35, 52, 206.0, cavemen, cluster-reverse-custom, 1.0, 0.6338461538461538, 48.15, 185.70, 33.54, 30.09, 22591, 26687
181, 2, 13, 0.35, 52, 206.0, cavemen, cluster-reverse-custom, 0.0, 0.8953846153846154, 14.64, 73.75, 27.17, 33.06, 18855, 123607
182, 2, 13, 0.35, 52, 206.0, cavemen, cluster-reverse-custom, 0.25, 0.796923076923077, 8.27, 50.25, 27.02, 34.62, 20903, 123607
183, 2, 13, 0.35, 52, 206.0, cavemen, cluster-reverse-custom, 0.5, 0.716923076923077, 8.40, 48.93, 28.40, 28.52, 20947, 31731
184, 2, 13, 0.35, 52, 206.0, cavemen, cluster-reverse-custom, 0.75, 0.6984615384615385, 13.80, 56.27, 29.16, 29.66, 17735, 24999
185, 2, 13, 0.35, 52, 206.0, cavemen, cluster-reverse-custom, 1.0, 0.6307692307692307, 12.75, 53.68, 30.75, 33.79, 17639, 24807
186, 2, 13, 0.35, 52, 206.0, cavemen, cluster-reverse-custom, 0.0, 0.9569230769230769, 90.43, 179.25, 24.77, 24.66, 19155, 33363
187, 2, 13, 0.35, 52, 206.0, cavemen, cluster-reverse-custom, 0.25, 0.84, 35.31, 97.20, 26.22, 26.26, 25243, 33307
188, 2, 13, 0.35, 52, 206.0, cavemen, cluster-reverse-custom, 0.5, 0.7292307692307692, 81.46, 170.56, 27.91, 30.89, 20627, 57419
189, 2, 13, 0.35, 52, 206.0, cavemen, cluster-reverse-custom, 0.75, 0.6984615384615385, 64.88, 133.44, 28.79, 27.85, 25263, 25407
190, 2, 13, 0.35, 52, 206.0, cavemen, cluster-reverse-custom, 1.0, 0.5938461538461539, 28.82, 89.72, 32.54, 33.52, 25255, 25255
191, 2, 13, 0.35, 52, 206.0, cavemen, cluster-reverse-custom, 0.0, 0.9046153846153846, 21.93, 127.67, 26.54, 33.21, 26871, 192631
192, 2, 13, 0.35, 52, 206.0, cavemen, cluster-reverse-custom, 0.25, 0.8369230769230769, 34.41, 138.47, 26.14, 26.37, 24791, 53351
193, 2, 13, 0.35, 52, 206.0, cavemen, cluster-reverse-custom, 0.5, 0.7753846153846153, 17.93, 74.91, 26.41, 25.62, 28827, 30747
194, 2, 13, 0.35, 52, 206.0, cavemen, cluster-reverse-custom, 0.75, 0.6461538461538461, 48.01, 126.91, 29.36, 32.78, 26839, 118887
195, 2, 13, 0.35, 52, 206.0, cavemen, cluster-reverse-custom, 1.0, 0.6030769230769231, 10.48, 62.64, 31.48, 31.68, 28783, 28783
196, 2, 13, 0.35, 52, 206.0, cavemen, cluster-reverse-custom, 0.0, 0.8676923076923077, 31.07, 68.66, 25.81, 32.03, 26823, 162903
197, 2, 13, 0.35, 52, 206.0, cavemen, cluster-reverse-custom, 0.25, 0.8061538461538462, 63.69, 74.74, 25.93, 33.38, 28919, 162951
198, 2, 13, 0.35, 52, 206.0, cavemen, cluster-reverse-custom, 0.5, 0.7507692307692307, 97.51, 201.30, 26.10, 30.78, 26871, 97415
199, 2, 13, 0.35, 52, 206.0, cavemen, cluster-reverse-custom, 0.75, 0.7384615384615385, 38.30, 54.39, 25.47, 25.44, 18513, 18513
200, 2, 13, 0.35, 52, 206.0, cavemen, cluster-reverse-custom, 1.0, 0.6338461538461538, 71.80, 116.66, 29.87, 30.75, 21647, 21647
