2-0,orig_simpl_nat_obj,168,--none--
2-0,orig_minAB_nat_obj,170,--none--
2-0,orig_5random_nat_obj,301,--none--
2-0,orig_gsifts1p_nat_obj,161,--none--
2-0,orig_simpl_rnd_obj,286,--none--
2-0,orig_minAB_rnd_obj,256,--none--
2-0,orig_5random_rnd_obj,242,--none--
2-0,orig_gsifts1p_rnd_obj,173,--none--
2-0,orig_simpl_ctl_obj,6610,--none--
2-0,orig_minAB_ctl_obj,12435,--none--
2-0,orig_5random_ctl_obj,10423,--none--
2-0,orig_gsifts1p_ctl_obj,6493,--none--
2-1,orig_simpl_nat_obj,154,--none--
2-1,orig_minAB_nat_obj,150,--none--
2-1,orig_5random_nat_obj,184,--none--
2-1,orig_gsifts1p_nat_obj,132,--none--
2-1,orig_simpl_rnd_obj,214,--none--
2-1,orig_minAB_rnd_obj,154,--none--
2-1,orig_5random_rnd_obj,194,--none--
2-1,orig_gsifts1p_rnd_obj,143,--none--
2-1,orig_simpl_ctl_obj,4176,--none--
2-1,orig_minAB_ctl_obj,5035,--none--
2-1,orig_5random_ctl_obj,9367,--none--
2-1,orig_gsifts1p_ctl_obj,4128,--none--
2-2,orig_simpl_nat_obj,191,--none--
2-2,orig_minAB_nat_obj,143,--none--
2-2,orig_5random_nat_obj,190,--none--
2-2,orig_gsifts1p_nat_obj,160,--none--
2-2,orig_simpl_rnd_obj,294,--none--
2-2,orig_minAB_rnd_obj,249,--none--
2-2,orig_5random_rnd_obj,241,--none--
2-2,orig_gsifts1p_rnd_obj,175,--none--
2-2,orig_simpl_ctl_obj,5672,--none--
2-2,orig_minAB_ctl_obj,9862,--none--
2-2,orig_5random_ctl_obj,10701,--none--
2-2,orig_gsifts1p_ctl_obj,5671,--none--
2-3,orig_simpl_nat_obj,269,--none--
2-3,orig_minAB_nat_obj,250,--none--
2-3,orig_5random_nat_obj,303,--none--
2-3,orig_gsifts1p_nat_obj,231,--none--
2-3,orig_simpl_rnd_obj,532,--none--
2-3,orig_minAB_rnd_obj,413,--none--
2-3,orig_5random_rnd_obj,385,--none--
2-3,orig_gsifts1p_rnd_obj,226,--none--
2-3,orig_simpl_ctl_obj,6915,--none--
2-3,orig_minAB_ctl_obj,7175,--none--
2-3,orig_5random_ctl_obj,12973,--none--
2-3,orig_gsifts1p_ctl_obj,6917,--none--
2-4,orig_simpl_nat_obj,301,--none--
2-4,orig_minAB_nat_obj,313,--none--
2-4,orig_5random_nat_obj,383,--none--
2-4,orig_gsifts1p_nat_obj,282,--none--
2-4,orig_simpl_rnd_obj,558,--none--
2-4,orig_minAB_rnd_obj,460,--none--
2-4,orig_5random_rnd_obj,445,--none--
2-4,orig_gsifts1p_rnd_obj,298,--none--
2-4,orig_simpl_ctl_obj,9594,--none--
2-4,orig_minAB_ctl_obj,9218,--none--
2-4,orig_5random_ctl_obj,8100,--none--
2-4,orig_gsifts1p_ctl_obj,7238,--none--
2-5,orig_simpl_nat_obj,212,--none--
2-5,orig_minAB_nat_obj,212,--none--
2-5,orig_5random_nat_obj,281,--none--
2-5,orig_gsifts1p_nat_obj,181,--none--
2-5,orig_simpl_rnd_obj,326,--none--
2-5,orig_minAB_rnd_obj,282,--none--
2-5,orig_5random_rnd_obj,310,--none--
2-5,orig_gsifts1p_rnd_obj,179,--none--
2-5,orig_simpl_ctl_obj,3778,--none--
2-5,orig_minAB_ctl_obj,5757,--none--
2-5,orig_5random_ctl_obj,6018,--none--
2-5,orig_gsifts1p_ctl_obj,3530,--none--
2-6,orig_simpl_nat_obj,72,--none--
2-6,orig_minAB_nat_obj,72,--none--
2-6,orig_5random_nat_obj,84,--none--
2-6,orig_gsifts1p_nat_obj,69,--none--
2-6,orig_simpl_rnd_obj,87,--none--
2-6,orig_minAB_rnd_obj,88,--none--
2-6,orig_5random_rnd_obj,85,--none--
2-6,orig_gsifts1p_rnd_obj,70,--none--
2-6,orig_simpl_ctl_obj,1840,--none--
2-6,orig_minAB_ctl_obj,2485,--none--
2-6,orig_5random_ctl_obj,3918,--none--
2-6,orig_gsifts1p_ctl_obj,1345,--none--
2-7,orig_simpl_nat_obj,60,--none--
2-7,orig_minAB_nat_obj,52,--none--
2-7,orig_5random_nat_obj,56,--none--
2-7,orig_gsifts1p_nat_obj,45,--none--
2-7,orig_simpl_rnd_obj,69,--none--
2-7,orig_minAB_rnd_obj,62,--none--
2-7,orig_5random_rnd_obj,50,--none--
2-7,orig_gsifts1p_rnd_obj,51,--none--
2-7,orig_simpl_ctl_obj,4866,--none--
2-7,orig_minAB_ctl_obj,4758,--none--
2-7,orig_5random_ctl_obj,6234,--none--
2-7,orig_gsifts1p_ctl_obj,4030,--none--
2-8,orig_simpl_nat_obj,396,--none--
2-8,orig_minAB_nat_obj,363,--none--
2-8,orig_5random_nat_obj,509,--none--
2-8,orig_gsifts1p_nat_obj,333,--none--
2-8,orig_simpl_rnd_obj,591,--none--
2-8,orig_minAB_rnd_obj,488,--none--
2-8,orig_5random_rnd_obj,499,--none--
2-8,orig_gsifts1p_rnd_obj,378,--none--
2-8,orig_simpl_ctl_obj,9992,--none--
2-8,orig_minAB_ctl_obj,6454,--none--
2-8,orig_5random_ctl_obj,5569,--none--
2-8,orig_gsifts1p_ctl_obj,3738,--none--
2-9,orig_simpl_nat_obj,214,--none--
2-9,orig_minAB_nat_obj,220,--none--
2-9,orig_5random_nat_obj,244,--none--
2-9,orig_gsifts1p_nat_obj,186,--none--
2-9,orig_simpl_rnd_obj,231,--none--
2-9,orig_minAB_rnd_obj,302,--none--
2-9,orig_5random_rnd_obj,276,--none--
2-9,orig_gsifts1p_rnd_obj,149,--none--
2-9,orig_simpl_ctl_obj,7304,--none--
2-9,orig_minAB_ctl_obj,7095,--none--
2-9,orig_5random_ctl_obj,7569,--none--
2-9,orig_gsifts1p_ctl_obj,4696,--none--
2-10,orig_simpl_nat_obj,149,--none--
2-10,orig_minAB_nat_obj,137,--none--
2-10,orig_5random_nat_obj,222,--none--
2-10,orig_gsifts1p_nat_obj,127,--none--
2-10,orig_simpl_rnd_obj,286,--none--
2-10,orig_minAB_rnd_obj,214,--none--
2-10,orig_5random_rnd_obj,165,--none--
2-10,orig_gsifts1p_rnd_obj,146,--none--
2-10,orig_simpl_ctl_obj,6923,--none--
2-10,orig_minAB_ctl_obj,6140,--none--
2-10,orig_5random_ctl_obj,8350,--none--
2-10,orig_gsifts1p_ctl_obj,7936,--none--
2-11,orig_simpl_nat_obj,218,--none--
2-11,orig_minAB_nat_obj,216,--none--
2-11,orig_5random_nat_obj,302,--none--
2-11,orig_gsifts1p_nat_obj,194,--none--
2-11,orig_simpl_rnd_obj,311,--none--
2-11,orig_minAB_rnd_obj,336,--none--
2-11,orig_5random_rnd_obj,287,--none--
2-11,orig_gsifts1p_rnd_obj,189,--none--
2-11,orig_simpl_ctl_obj,7415,--none--
2-11,orig_minAB_ctl_obj,9242,--none--
2-11,orig_5random_ctl_obj,14552,--none--
2-11,orig_gsifts1p_ctl_obj,7407,--none--
2-12,orig_simpl_nat_obj,332,--none--
2-12,orig_minAB_nat_obj,273,--none--
2-12,orig_5random_nat_obj,508,--none--
2-12,orig_gsifts1p_nat_obj,317,--none--
2-12,orig_simpl_rnd_obj,389,--none--
2-12,orig_minAB_rnd_obj,293,--none--
2-12,orig_5random_rnd_obj,340,--none--
2-12,orig_gsifts1p_rnd_obj,308,--none--
2-12,orig_simpl_ctl_obj,8879,--none--
2-12,orig_minAB_ctl_obj,6674,--none--
2-12,orig_5random_ctl_obj,8748,--none--
2-12,orig_gsifts1p_ctl_obj,5744,--none--
2-13,orig_simpl_nat_obj,142,--none--
2-13,orig_minAB_nat_obj,161,--none--
2-13,orig_5random_nat_obj,206,--none--
2-13,orig_gsifts1p_nat_obj,117,--none--
2-13,orig_simpl_rnd_obj,250,--none--
2-13,orig_minAB_rnd_obj,243,--none--
2-13,orig_5random_rnd_obj,275,--none--
2-13,orig_gsifts1p_rnd_obj,145,--none--
2-13,orig_simpl_ctl_obj,8212,--none--
2-13,orig_minAB_ctl_obj,8710,--none--
2-13,orig_5random_ctl_obj,11881,--none--
2-13,orig_gsifts1p_ctl_obj,8218,--none--
2-14,orig_simpl_nat_obj,147,--none--
2-14,orig_minAB_nat_obj,152,--none--
2-14,orig_5random_nat_obj,297,--none--
2-14,orig_gsifts1p_nat_obj,122,--none--
2-14,orig_simpl_rnd_obj,429,--none--
2-14,orig_minAB_rnd_obj,267,--none--
2-14,orig_5random_rnd_obj,229,--none--
2-14,orig_gsifts1p_rnd_obj,145,--none--
2-14,orig_simpl_ctl_obj,8924,--none--
2-14,orig_minAB_ctl_obj,7553,--none--
2-14,orig_5random_ctl_obj,12453,--none--
2-14,orig_gsifts1p_ctl_obj,6549,--none--
2-15,orig_simpl_nat_obj,231,--none--
2-15,orig_minAB_nat_obj,215,--none--
2-15,orig_5random_nat_obj,315,--none--
2-15,orig_gsifts1p_nat_obj,198,--none--
2-15,orig_simpl_rnd_obj,367,--none--
2-15,orig_minAB_rnd_obj,287,--none--
2-15,orig_5random_rnd_obj,259,--none--
2-15,orig_gsifts1p_rnd_obj,263,--none--
2-15,orig_simpl_ctl_obj,1127,--none--
2-15,orig_minAB_ctl_obj,1449,--none--
2-15,orig_5random_ctl_obj,3173,--none--
2-15,orig_gsifts1p_ctl_obj,856,--none--
2-16,orig_simpl_nat_obj,126,--none--
2-16,orig_minAB_nat_obj,126,--none--
2-16,orig_5random_nat_obj,140,--none--
2-16,orig_gsifts1p_nat_obj,110,--none--
2-16,orig_simpl_rnd_obj,167,--none--
2-16,orig_minAB_rnd_obj,159,--none--
2-16,orig_5random_rnd_obj,139,--none--
2-16,orig_gsifts1p_rnd_obj,120,--none--
2-16,orig_simpl_ctl_obj,3623,--none--
2-16,orig_minAB_ctl_obj,3507,--none--
2-16,orig_5random_ctl_obj,12889,--none--
2-16,orig_gsifts1p_ctl_obj,3446,--none--
2-17,orig_simpl_nat_obj,199,--none--
2-17,orig_minAB_nat_obj,197,--none--
2-17,orig_5random_nat_obj,262,--none--
2-17,orig_gsifts1p_nat_obj,180,--none--
2-17,orig_simpl_rnd_obj,305,--none--
2-17,orig_minAB_rnd_obj,245,--none--
2-17,orig_5random_rnd_obj,292,--none--
2-17,orig_gsifts1p_rnd_obj,179,--none--
2-17,orig_simpl_ctl_obj,3944,--none--
2-17,orig_minAB_ctl_obj,5409,--none--
2-17,orig_5random_ctl_obj,11097,--none--
2-17,orig_gsifts1p_ctl_obj,3662,--none--
2-18,orig_simpl_nat_obj,161,--none--
2-18,orig_minAB_nat_obj,163,--none--
2-18,orig_5random_nat_obj,132,--none--
2-18,orig_gsifts1p_nat_obj,79,--none--
2-18,orig_simpl_rnd_obj,190,--none--
2-18,orig_minAB_rnd_obj,256,--none--
2-18,orig_5random_rnd_obj,182,--none--
2-18,orig_gsifts1p_rnd_obj,76,--none--
2-18,orig_simpl_ctl_obj,2526,--none--
2-18,orig_minAB_ctl_obj,1724,--none--
2-18,orig_5random_ctl_obj,8590,--none--
2-18,orig_gsifts1p_ctl_obj,1505,--none--
2-19,orig_simpl_nat_obj,56,--none--
2-19,orig_minAB_nat_obj,62,--none--
2-19,orig_5random_nat_obj,60,--none--
2-19,orig_gsifts1p_nat_obj,62,--none--
2-19,orig_simpl_rnd_obj,62,--none--
2-19,orig_minAB_rnd_obj,70,--none--
2-19,orig_5random_rnd_obj,61,--none--
2-19,orig_gsifts1p_rnd_obj,57,--none--
2-19,orig_simpl_ctl_obj,4052,--none--
2-19,orig_minAB_ctl_obj,6556,--none--
2-19,orig_5random_ctl_obj,7716,--none--
2-19,orig_gsifts1p_ctl_obj,3856,--none--
2-20,orig_simpl_nat_obj,81,--none--
2-20,orig_minAB_nat_obj,79,--none--
2-20,orig_5random_nat_obj,95,--none--
2-20,orig_gsifts1p_nat_obj,79,--none--
2-20,orig_simpl_rnd_obj,90,--none--
2-20,orig_minAB_rnd_obj,80,--none--
2-20,orig_5random_rnd_obj,86,--none--
2-20,orig_gsifts1p_rnd_obj,82,--none--
2-20,orig_simpl_ctl_obj,4207,--none--
2-20,orig_minAB_ctl_obj,3353,--none--
2-20,orig_5random_ctl_obj,8933,--none--
2-20,orig_gsifts1p_ctl_obj,2375,--none--
2-21,orig_simpl_nat_obj,181,--none--
2-21,orig_minAB_nat_obj,160,--none--
2-21,orig_5random_nat_obj,307,--none--
2-21,orig_gsifts1p_nat_obj,145,--none--
2-21,orig_simpl_rnd_obj,350,--none--
2-21,orig_minAB_rnd_obj,354,--none--
2-21,orig_5random_rnd_obj,295,--none--
2-21,orig_gsifts1p_rnd_obj,183,--none--
2-21,orig_simpl_ctl_obj,7483,--none--
2-21,orig_minAB_ctl_obj,11095,--none--
2-21,orig_5random_ctl_obj,11147,--none--
2-21,orig_gsifts1p_ctl_obj,7658,--none--
2-22,orig_simpl_nat_obj,138,--none--
2-22,orig_minAB_nat_obj,141,--none--
2-22,orig_5random_nat_obj,143,--none--
2-22,orig_gsifts1p_nat_obj,122,--none--
2-22,orig_simpl_rnd_obj,220,--none--
2-22,orig_minAB_rnd_obj,172,--none--
2-22,orig_5random_rnd_obj,187,--none--
2-22,orig_gsifts1p_rnd_obj,126,--none--
2-22,orig_simpl_ctl_obj,6950,--none--
2-22,orig_minAB_ctl_obj,6311,--none--
2-22,orig_5random_ctl_obj,9672,--none--
2-22,orig_gsifts1p_ctl_obj,3828,--none--
2-23,orig_simpl_nat_obj,166,--none--
2-23,orig_minAB_nat_obj,164,--none--
2-23,orig_5random_nat_obj,294,--none--
2-23,orig_gsifts1p_nat_obj,151,--none--
2-23,orig_simpl_rnd_obj,220,--none--
2-23,orig_minAB_rnd_obj,225,--none--
2-23,orig_5random_rnd_obj,295,--none--
2-23,orig_gsifts1p_rnd_obj,139,--none--
2-23,orig_simpl_ctl_obj,7775,--none--
2-23,orig_minAB_ctl_obj,10310,--none--
2-23,orig_5random_ctl_obj,14047,--none--
2-23,orig_gsifts1p_ctl_obj,7385,--none--
2-24,orig_simpl_nat_obj,187,--none--
2-24,orig_minAB_nat_obj,172,--none--
2-24,orig_5random_nat_obj,257,--none--
2-24,orig_gsifts1p_nat_obj,119,--none--
2-24,orig_simpl_rnd_obj,378,--none--
2-24,orig_minAB_rnd_obj,174,--none--
2-24,orig_5random_rnd_obj,197,--none--
2-24,orig_gsifts1p_rnd_obj,132,--none--
2-24,orig_simpl_ctl_obj,3500,--none--
2-24,orig_minAB_ctl_obj,4113,--none--
2-24,orig_5random_ctl_obj,7008,--none--
2-24,orig_gsifts1p_ctl_obj,3506,--none--
2-25,orig_simpl_nat_obj,378,--none--
2-25,orig_minAB_nat_obj,336,--none--
2-25,orig_5random_nat_obj,418,--none--
2-25,orig_gsifts1p_nat_obj,308,--none--
2-25,orig_simpl_rnd_obj,475,--none--
2-25,orig_minAB_rnd_obj,380,--none--
2-25,orig_5random_rnd_obj,386,--none--
2-25,orig_gsifts1p_rnd_obj,255,--none--
2-25,orig_simpl_ctl_obj,8486,--none--
2-25,orig_minAB_ctl_obj,8866,--none--
2-25,orig_5random_ctl_obj,15955,--none--
2-25,orig_gsifts1p_ctl_obj,8483,--none--
2-26,orig_simpl_nat_obj,99,--none--
2-26,orig_minAB_nat_obj,108,--none--
2-26,orig_5random_nat_obj,180,--none--
2-26,orig_gsifts1p_nat_obj,96,--none--
2-26,orig_simpl_rnd_obj,163,--none--
2-26,orig_minAB_rnd_obj,159,--none--
2-26,orig_5random_rnd_obj,186,--none--
2-26,orig_gsifts1p_rnd_obj,102,--none--
2-26,orig_simpl_ctl_obj,5953,--none--
2-26,orig_minAB_ctl_obj,8909,--none--
2-26,orig_5random_ctl_obj,14007,--none--
2-26,orig_gsifts1p_ctl_obj,4474,--none--
2-27,orig_simpl_nat_obj,205,--none--
2-27,orig_minAB_nat_obj,196,--none--
2-27,orig_5random_nat_obj,297,--none--
2-27,orig_gsifts1p_nat_obj,182,--none--
2-27,orig_simpl_rnd_obj,418,--none--
2-27,orig_minAB_rnd_obj,290,--none--
2-27,orig_5random_rnd_obj,340,--none--
2-27,orig_gsifts1p_rnd_obj,248,--none--
2-27,orig_simpl_ctl_obj,3613,--none--
2-27,orig_minAB_ctl_obj,7293,--none--
2-27,orig_5random_ctl_obj,9313,--none--
2-27,orig_gsifts1p_ctl_obj,3557,--none--
2-28,orig_simpl_nat_obj,239,--none--
2-28,orig_minAB_nat_obj,238,--none--
2-28,orig_5random_nat_obj,275,--none--
2-28,orig_gsifts1p_nat_obj,217,--none--
2-28,orig_simpl_rnd_obj,264,--none--
2-28,orig_minAB_rnd_obj,269,--none--
2-28,orig_5random_rnd_obj,245,--none--
2-28,orig_gsifts1p_rnd_obj,188,--none--
2-28,orig_simpl_ctl_obj,4326,--none--
2-28,orig_minAB_ctl_obj,5350,--none--
2-28,orig_5random_ctl_obj,6564,--none--
2-28,orig_gsifts1p_ctl_obj,2559,--none--
2-29,orig_simpl_nat_obj,176,--none--
2-29,orig_minAB_nat_obj,207,--none--
2-29,orig_5random_nat_obj,205,--none--
2-29,orig_gsifts1p_nat_obj,133,--none--
2-29,orig_simpl_rnd_obj,183,--none--
2-29,orig_minAB_rnd_obj,204,--none--
2-29,orig_5random_rnd_obj,225,--none--
2-29,orig_gsifts1p_rnd_obj,143,--none--
2-29,orig_simpl_ctl_obj,3653,--none--
2-29,orig_minAB_ctl_obj,3956,--none--
2-29,orig_5random_ctl_obj,11853,--none--
2-29,orig_gsifts1p_ctl_obj,3060,--none--
2-30,orig_simpl_nat_obj,240,--none--
2-30,orig_minAB_nat_obj,205,--none--
2-30,orig_5random_nat_obj,245,--none--
2-30,orig_gsifts1p_nat_obj,146,--none--
2-30,orig_simpl_rnd_obj,273,--none--
2-30,orig_minAB_rnd_obj,233,--none--
2-30,orig_5random_rnd_obj,227,--none--
2-30,orig_gsifts1p_rnd_obj,167,--none--
2-30,orig_simpl_ctl_obj,9391,--none--
2-30,orig_minAB_ctl_obj,13046,--none--
2-30,orig_5random_ctl_obj,15323,--none--
2-30,orig_gsifts1p_ctl_obj,9393,--none--
2-31,orig_simpl_nat_obj,159,--none--
2-31,orig_minAB_nat_obj,158,--none--
2-31,orig_5random_nat_obj,256,--none--
2-31,orig_gsifts1p_nat_obj,127,--none--
2-31,orig_simpl_rnd_obj,387,--none--
2-31,orig_minAB_rnd_obj,262,--none--
2-31,orig_5random_rnd_obj,232,--none--
2-31,orig_gsifts1p_rnd_obj,174,--none--
2-31,orig_simpl_ctl_obj,5072,--none--
2-31,orig_minAB_ctl_obj,4455,--none--
2-31,orig_5random_ctl_obj,9766,--none--
2-31,orig_gsifts1p_ctl_obj,3864,--none--
2-32,orig_simpl_nat_obj,463,--none--
2-32,orig_minAB_nat_obj,462,--none--
2-32,orig_5random_nat_obj,535,--none--
2-32,orig_gsifts1p_nat_obj,370,--none--
2-32,orig_simpl_rnd_obj,620,--none--
2-32,orig_minAB_rnd_obj,586,--none--
2-32,orig_5random_rnd_obj,478,--none--
2-32,orig_gsifts1p_rnd_obj,398,--none--
2-32,orig_simpl_ctl_obj,7982,--none--
2-32,orig_minAB_ctl_obj,1675,--none--
2-32,orig_5random_ctl_obj,6911,--none--
2-32,orig_gsifts1p_ctl_obj,771,--none--
2-33,orig_simpl_nat_obj,134,--none--
2-33,orig_minAB_nat_obj,162,--none--
2-33,orig_5random_nat_obj,160,--none--
2-33,orig_gsifts1p_nat_obj,130,--none--
2-33,orig_simpl_rnd_obj,245,--none--
2-33,orig_minAB_rnd_obj,163,--none--
2-33,orig_5random_rnd_obj,186,--none--
2-33,orig_gsifts1p_rnd_obj,106,--none--
2-33,orig_simpl_ctl_obj,3923,--none--
2-33,orig_minAB_ctl_obj,6729,--none--
2-33,orig_5random_ctl_obj,12944,--none--
2-33,orig_gsifts1p_ctl_obj,3923,--none--
2-34,orig_simpl_nat_obj,71,--none--
2-34,orig_minAB_nat_obj,59,--none--
2-34,orig_5random_nat_obj,59,--none--
2-34,orig_gsifts1p_nat_obj,62,--none--
2-34,orig_simpl_rnd_obj,69,--none--
2-34,orig_minAB_rnd_obj,60,--none--
2-34,orig_5random_rnd_obj,59,--none--
2-34,orig_gsifts1p_rnd_obj,72,--none--
2-34,orig_simpl_ctl_obj,8694,--none--
2-34,orig_minAB_ctl_obj,6968,--none--
2-34,orig_5random_ctl_obj,12245,--none--
2-34,orig_gsifts1p_ctl_obj,6520,--none--
2-35,orig_simpl_nat_obj,108,--none--
2-35,orig_minAB_nat_obj,108,--none--
2-35,orig_5random_nat_obj,107,--none--
2-35,orig_gsifts1p_nat_obj,128,--none--
2-35,orig_simpl_rnd_obj,161,--none--
2-35,orig_minAB_rnd_obj,107,--none--
2-35,orig_5random_rnd_obj,105,--none--
2-35,orig_gsifts1p_rnd_obj,120,--none--
2-35,orig_simpl_ctl_obj,14881,--none--
2-35,orig_minAB_ctl_obj,8880,--none--
2-35,orig_5random_ctl_obj,9222,--none--
2-35,orig_gsifts1p_ctl_obj,9608,--none--
2-36,orig_simpl_nat_obj,268,--none--
2-36,orig_minAB_nat_obj,267,--none--
2-36,orig_5random_nat_obj,331,--none--
2-36,orig_gsifts1p_nat_obj,198,--none--
2-36,orig_simpl_rnd_obj,278,--none--
2-36,orig_minAB_rnd_obj,321,--none--
2-36,orig_5random_rnd_obj,358,--none--
2-36,orig_gsifts1p_rnd_obj,224,--none--
2-36,orig_simpl_ctl_obj,5997,--none--
2-36,orig_minAB_ctl_obj,6013,--none--
2-36,orig_5random_ctl_obj,15243,--none--
2-36,orig_gsifts1p_ctl_obj,5943,--none--
2-37,orig_simpl_nat_obj,383,--none--
2-37,orig_minAB_nat_obj,318,--none--
2-37,orig_5random_nat_obj,385,--none--
2-37,orig_gsifts1p_nat_obj,341,--none--
2-37,orig_simpl_rnd_obj,407,--none--
2-37,orig_minAB_rnd_obj,309,--none--
2-37,orig_5random_rnd_obj,368,--none--
2-37,orig_gsifts1p_rnd_obj,375,--none--
2-37,orig_simpl_ctl_obj,5665,--none--
2-37,orig_minAB_ctl_obj,5609,--none--
2-37,orig_5random_ctl_obj,13153,--none--
2-37,orig_gsifts1p_ctl_obj,5665,--none--
2-38,orig_simpl_nat_obj,255,--none--
2-38,orig_minAB_nat_obj,227,--none--
2-38,orig_5random_nat_obj,462,--none--
2-38,orig_gsifts1p_nat_obj,236,--none--
2-38,orig_simpl_rnd_obj,405,--none--
2-38,orig_minAB_rnd_obj,276,--none--
2-38,orig_5random_rnd_obj,441,--none--
2-38,orig_gsifts1p_rnd_obj,244,--none--
2-38,orig_simpl_ctl_obj,7173,--none--
2-38,orig_minAB_ctl_obj,7392,--none--
2-38,orig_5random_ctl_obj,8595,--none--
2-38,orig_gsifts1p_ctl_obj,7433,--none--
2-39,orig_simpl_nat_obj,240,--none--
2-39,orig_minAB_nat_obj,241,--none--
2-39,orig_5random_nat_obj,300,--none--
2-39,orig_gsifts1p_nat_obj,222,--none--
2-39,orig_simpl_rnd_obj,330,--none--
2-39,orig_minAB_rnd_obj,333,--none--
2-39,orig_5random_rnd_obj,278,--none--
2-39,orig_gsifts1p_rnd_obj,212,--none--
2-39,orig_simpl_ctl_obj,5105,--none--
2-39,orig_minAB_ctl_obj,6084,--none--
2-39,orig_5random_ctl_obj,8250,--none--
2-39,orig_gsifts1p_ctl_obj,4696,--none--
2-40,orig_simpl_nat_obj,175,--none--
2-40,orig_minAB_nat_obj,176,--none--
2-40,orig_5random_nat_obj,270,--none--
2-40,orig_gsifts1p_nat_obj,134,--none--
2-40,orig_simpl_rnd_obj,214,--none--
2-40,orig_minAB_rnd_obj,248,--none--
2-40,orig_5random_rnd_obj,213,--none--
2-40,orig_gsifts1p_rnd_obj,147,--none--
2-40,orig_simpl_ctl_obj,5795,--none--
2-40,orig_minAB_ctl_obj,6362,--none--
2-40,orig_5random_ctl_obj,8773,--none--
2-40,orig_gsifts1p_ctl_obj,5786,--none--
2-41,orig_simpl_nat_obj,314,--none--
2-41,orig_minAB_nat_obj,297,--none--
2-41,orig_5random_nat_obj,459,--none--
2-41,orig_gsifts1p_nat_obj,267,--none--
2-41,orig_simpl_rnd_obj,399,--none--
2-41,orig_minAB_rnd_obj,391,--none--
2-41,orig_5random_rnd_obj,411,--none--
2-41,orig_gsifts1p_rnd_obj,273,--none--
2-41,orig_simpl_ctl_obj,5867,--none--
2-41,orig_minAB_ctl_obj,7291,--none--
2-41,orig_5random_ctl_obj,8003,--none--
2-41,orig_gsifts1p_ctl_obj,5812,--none--
2-42,orig_simpl_nat_obj,95,--none--
2-42,orig_minAB_nat_obj,90,--none--
2-42,orig_5random_nat_obj,86,--none--
2-42,orig_gsifts1p_nat_obj,79,--none--
2-42,orig_simpl_rnd_obj,101,--none--
2-42,orig_minAB_rnd_obj,97,--none--
2-42,orig_5random_rnd_obj,95,--none--
2-42,orig_gsifts1p_rnd_obj,81,--none--
2-42,orig_simpl_ctl_obj,8253,--none--
2-42,orig_minAB_ctl_obj,7724,--none--
2-42,orig_5random_ctl_obj,11174,--none--
2-42,orig_gsifts1p_ctl_obj,7889,--none--
2-43,orig_simpl_nat_obj,171,--none--
2-43,orig_minAB_nat_obj,159,--none--
2-43,orig_5random_nat_obj,229,--none--
2-43,orig_gsifts1p_nat_obj,159,--none--
2-43,orig_simpl_rnd_obj,252,--none--
2-43,orig_minAB_rnd_obj,231,--none--
2-43,orig_5random_rnd_obj,211,--none--
2-43,orig_gsifts1p_rnd_obj,166,--none--
2-43,orig_simpl_ctl_obj,9280,--none--
2-43,orig_minAB_ctl_obj,9431,--none--
2-43,orig_5random_ctl_obj,17622,--none--
2-43,orig_gsifts1p_ctl_obj,9280,--none--
2-44,orig_simpl_nat_obj,476,--none--
2-44,orig_minAB_nat_obj,347,--none--
2-44,orig_5random_nat_obj,515,--none--
2-44,orig_gsifts1p_nat_obj,305,--none--
2-44,orig_simpl_rnd_obj,588,--none--
2-44,orig_minAB_rnd_obj,423,--none--
2-44,orig_5random_rnd_obj,514,--none--
2-44,orig_gsifts1p_rnd_obj,327,--none--
2-44,orig_simpl_ctl_obj,10385,--none--
2-44,orig_minAB_ctl_obj,11842,--none--
2-44,orig_5random_ctl_obj,15415,--none--
2-44,orig_gsifts1p_ctl_obj,10391,--none--
2-45,orig_simpl_nat_obj,523,--none--
2-45,orig_minAB_nat_obj,460,--none--
2-45,orig_5random_nat_obj,555,--none--
2-45,orig_gsifts1p_nat_obj,415,--none--
2-45,orig_simpl_rnd_obj,643,--none--
2-45,orig_minAB_rnd_obj,445,--none--
2-45,orig_5random_rnd_obj,561,--none--
2-45,orig_gsifts1p_rnd_obj,447,--none--
2-45,orig_simpl_ctl_obj,3332,--none--
2-45,orig_minAB_ctl_obj,3334,--none--
2-45,orig_5random_ctl_obj,8644,--none--
2-45,orig_gsifts1p_ctl_obj,3035,--none--
2-46,orig_simpl_nat_obj,137,--none--
2-46,orig_minAB_nat_obj,125,--none--
2-46,orig_5random_nat_obj,139,--none--
2-46,orig_gsifts1p_nat_obj,118,--none--
2-46,orig_simpl_rnd_obj,150,--none--
2-46,orig_minAB_rnd_obj,148,--none--
2-46,orig_5random_rnd_obj,133,--none--
2-46,orig_gsifts1p_rnd_obj,108,--none--
2-46,orig_simpl_ctl_obj,10790,--none--
2-46,orig_minAB_ctl_obj,15180,--none--
2-46,orig_5random_ctl_obj,11966,--none--
2-46,orig_gsifts1p_ctl_obj,11053,--none--
2-47,orig_simpl_nat_obj,236,--none--
2-47,orig_minAB_nat_obj,241,--none--
2-47,orig_5random_nat_obj,255,--none--
2-47,orig_gsifts1p_nat_obj,208,--none--
2-47,orig_simpl_rnd_obj,293,--none--
2-47,orig_minAB_rnd_obj,254,--none--
2-47,orig_5random_rnd_obj,251,--none--
2-47,orig_gsifts1p_rnd_obj,220,--none--
2-47,orig_simpl_ctl_obj,5139,--none--
2-47,orig_minAB_ctl_obj,4970,--none--
2-47,orig_5random_ctl_obj,11356,--none--
2-47,orig_gsifts1p_ctl_obj,5134,--none--
2-48,orig_simpl_nat_obj,270,--none--
2-48,orig_minAB_nat_obj,279,--none--
2-48,orig_5random_nat_obj,332,--none--
2-48,orig_gsifts1p_nat_obj,214,--none--
2-48,orig_simpl_rnd_obj,342,--none--
2-48,orig_minAB_rnd_obj,343,--none--
2-48,orig_5random_rnd_obj,341,--none--
2-48,orig_gsifts1p_rnd_obj,206,--none--
2-48,orig_simpl_ctl_obj,15155,--none--
2-48,orig_minAB_ctl_obj,16605,--none--
2-48,orig_5random_ctl_obj,15897,--none--
2-48,orig_gsifts1p_ctl_obj,15155,--none--
2-49,orig_simpl_nat_obj,366,--none--
2-49,orig_minAB_nat_obj,333,--none--
2-49,orig_5random_nat_obj,403,--none--
2-49,orig_gsifts1p_nat_obj,298,--none--
2-49,orig_simpl_rnd_obj,635,--none--
2-49,orig_minAB_rnd_obj,471,--none--
2-49,orig_5random_rnd_obj,329,--none--
2-49,orig_gsifts1p_rnd_obj,248,--none--
2-49,orig_simpl_ctl_obj,10972,--none--
2-49,orig_minAB_ctl_obj,10783,--none--
2-49,orig_5random_ctl_obj,13373,--none--
2-49,orig_gsifts1p_ctl_obj,8250,--none--
2-50,orig_simpl_nat_obj,186,--none--
2-50,orig_minAB_nat_obj,176,--none--
2-50,orig_5random_nat_obj,236,--none--
2-50,orig_gsifts1p_nat_obj,165,--none--
2-50,orig_simpl_rnd_obj,287,--none--
2-50,orig_minAB_rnd_obj,270,--none--
2-50,orig_5random_rnd_obj,221,--none--
2-50,orig_gsifts1p_rnd_obj,154,--none--
2-50,orig_simpl_ctl_obj,6680,--none--
2-50,orig_minAB_ctl_obj,7439,--none--
2-50,orig_5random_ctl_obj,9725,--none--
2-50,orig_gsifts1p_ctl_obj,6693,--none--
2-51,orig_simpl_nat_obj,294,--none--
2-51,orig_minAB_nat_obj,295,--none--
2-51,orig_5random_nat_obj,372,--none--
2-51,orig_gsifts1p_nat_obj,219,--none--
2-51,orig_simpl_rnd_obj,366,--none--
2-51,orig_minAB_rnd_obj,344,--none--
2-51,orig_5random_rnd_obj,370,--none--
2-51,orig_gsifts1p_rnd_obj,226,--none--
2-51,orig_simpl_ctl_obj,10238,--none--
2-51,orig_minAB_ctl_obj,12053,--none--
2-51,orig_5random_ctl_obj,7841,--none--
2-51,orig_gsifts1p_ctl_obj,2079,--none--
2-52,orig_simpl_nat_obj,303,--none--
2-52,orig_minAB_nat_obj,292,--none--
2-52,orig_5random_nat_obj,348,--none--
2-52,orig_gsifts1p_nat_obj,300,--none--
2-52,orig_simpl_rnd_obj,397,--none--
2-52,orig_minAB_rnd_obj,291,--none--
2-52,orig_5random_rnd_obj,315,--none--
2-52,orig_gsifts1p_rnd_obj,261,--none--
2-52,orig_simpl_ctl_obj,12632,--none--
2-52,orig_minAB_ctl_obj,14029,--none--
2-52,orig_5random_ctl_obj,17190,--none--
2-52,orig_gsifts1p_ctl_obj,12632,--none--
2-53,orig_simpl_nat_obj,79,--none--
2-53,orig_minAB_nat_obj,75,--none--
2-53,orig_5random_nat_obj,93,--none--
2-53,orig_gsifts1p_nat_obj,89,--none--
2-53,orig_simpl_rnd_obj,107,--none--
2-53,orig_minAB_rnd_obj,98,--none--
2-53,orig_5random_rnd_obj,90,--none--
2-53,orig_gsifts1p_rnd_obj,88,--none--
2-53,orig_simpl_ctl_obj,12050,--none--
2-53,orig_minAB_ctl_obj,7383,--none--
2-53,orig_5random_ctl_obj,14918,--none--
2-53,orig_gsifts1p_ctl_obj,4386,--none--
2-54,orig_simpl_nat_obj,503,--none--
2-54,orig_minAB_nat_obj,398,--none--
2-54,orig_5random_nat_obj,569,--none--
2-54,orig_gsifts1p_nat_obj,389,--none--
2-54,orig_simpl_rnd_obj,524,--none--
2-54,orig_minAB_rnd_obj,434,--none--
2-54,orig_5random_rnd_obj,595,--none--
2-54,orig_gsifts1p_rnd_obj,433,--none--
2-54,orig_simpl_ctl_obj,2437,--none--
2-54,orig_minAB_ctl_obj,2696,--none--
2-54,orig_5random_ctl_obj,8518,--none--
2-54,orig_gsifts1p_ctl_obj,2430,--none--
2-55,orig_simpl_nat_obj,37,--none--
2-55,orig_minAB_nat_obj,36,--none--
2-55,orig_5random_nat_obj,37,--none--
2-55,orig_gsifts1p_nat_obj,34,--none--
2-55,orig_simpl_rnd_obj,56,--none--
2-55,orig_minAB_rnd_obj,34,--none--
2-55,orig_5random_rnd_obj,39,--none--
2-55,orig_gsifts1p_rnd_obj,42,--none--
2-55,orig_simpl_ctl_obj,7348,--none--
2-55,orig_minAB_ctl_obj,9713,--none--
2-55,orig_5random_ctl_obj,8411,--none--
2-55,orig_gsifts1p_ctl_obj,7348,--none--
2-56,orig_simpl_nat_obj,67,--none--
2-56,orig_minAB_nat_obj,60,--none--
2-56,orig_5random_nat_obj,71,--none--
2-56,orig_gsifts1p_nat_obj,62,--none--
2-56,orig_simpl_rnd_obj,69,--none--
2-56,orig_minAB_rnd_obj,53,--none--
2-56,orig_5random_rnd_obj,65,--none--
2-56,orig_gsifts1p_rnd_obj,60,--none--
2-56,orig_simpl_ctl_obj,5637,--none--
2-56,orig_minAB_ctl_obj,5185,--none--
2-56,orig_5random_ctl_obj,11282,--none--
2-56,orig_gsifts1p_ctl_obj,5343,--none--
2-57,orig_simpl_nat_obj,317,--none--
2-57,orig_minAB_nat_obj,240,--none--
2-57,orig_5random_nat_obj,564,--none--
2-57,orig_gsifts1p_nat_obj,227,--none--
2-57,orig_simpl_rnd_obj,595,--none--
2-57,orig_minAB_rnd_obj,287,--none--
2-57,orig_5random_rnd_obj,519,--none--
2-57,orig_gsifts1p_rnd_obj,259,--none--
2-57,orig_simpl_ctl_obj,6003,--none--
2-57,orig_minAB_ctl_obj,5819,--none--
2-57,orig_5random_ctl_obj,7727,--none--
2-57,orig_gsifts1p_ctl_obj,3700,--none--
2-58,orig_simpl_nat_obj,319,--none--
2-58,orig_minAB_nat_obj,292,--none--
2-58,orig_5random_nat_obj,343,--none--
2-58,orig_gsifts1p_nat_obj,275,--none--
2-58,orig_simpl_rnd_obj,402,--none--
2-58,orig_minAB_rnd_obj,316,--none--
2-58,orig_5random_rnd_obj,456,--none--
2-58,orig_gsifts1p_rnd_obj,346,--none--
2-58,orig_simpl_ctl_obj,1225,--none--
2-58,orig_minAB_ctl_obj,777,--none--
2-58,orig_5random_ctl_obj,4982,--none--
2-58,orig_gsifts1p_ctl_obj,760,--none--
2-59,orig_simpl_nat_obj,46,--none--
2-59,orig_minAB_nat_obj,45,--none--
2-59,orig_5random_nat_obj,39,--none--
2-59,orig_gsifts1p_nat_obj,44,--none--
2-59,orig_simpl_rnd_obj,43,--none--
2-59,orig_minAB_rnd_obj,41,--none--
2-59,orig_5random_rnd_obj,40,--none--
2-59,orig_gsifts1p_rnd_obj,42,--none--
2-59,orig_simpl_ctl_obj,5487,--none--
2-59,orig_minAB_ctl_obj,6662,--none--
2-59,orig_5random_ctl_obj,12590,--none--
2-59,orig_gsifts1p_ctl_obj,5487,--none--
2-60,orig_simpl_nat_obj,328,--none--
2-60,orig_minAB_nat_obj,320,--none--
2-60,orig_5random_nat_obj,426,--none--
2-60,orig_gsifts1p_nat_obj,302,--none--
2-60,orig_simpl_rnd_obj,511,--none--
2-60,orig_minAB_rnd_obj,441,--none--
2-60,orig_5random_rnd_obj,418,--none--
2-60,orig_gsifts1p_rnd_obj,293,--none--
2-60,orig_simpl_ctl_obj,5521,--none--
2-60,orig_minAB_ctl_obj,5823,--none--
2-60,orig_5random_ctl_obj,8582,--none--
2-60,orig_gsifts1p_ctl_obj,5477,--none--
2-61,orig_simpl_nat_obj,255,--none--
2-61,orig_minAB_nat_obj,263,--none--
2-61,orig_5random_nat_obj,280,--none--
2-61,orig_gsifts1p_nat_obj,174,--none--
2-61,orig_simpl_rnd_obj,376,--none--
2-61,orig_minAB_rnd_obj,312,--none--
2-61,orig_5random_rnd_obj,357,--none--
2-61,orig_gsifts1p_rnd_obj,180,--none--
2-61,orig_simpl_ctl_obj,4665,--none--
2-61,orig_minAB_ctl_obj,4891,--none--
2-61,orig_5random_ctl_obj,10144,--none--
2-61,orig_gsifts1p_ctl_obj,4646,--none--
2-62,orig_simpl_nat_obj,72,--none--
2-62,orig_minAB_nat_obj,69,--none--
2-62,orig_5random_nat_obj,83,--none--
2-62,orig_gsifts1p_nat_obj,67,--none--
2-62,orig_simpl_rnd_obj,86,--none--
2-62,orig_minAB_rnd_obj,65,--none--
2-62,orig_5random_rnd_obj,91,--none--
2-62,orig_gsifts1p_rnd_obj,70,--none--
2-62,orig_simpl_ctl_obj,14953,--none--
2-62,orig_minAB_ctl_obj,13680,--none--
2-62,orig_5random_ctl_obj,16211,--none--
2-62,orig_gsifts1p_ctl_obj,14937,--none--
2-63,orig_simpl_nat_obj,322,--none--
2-63,orig_minAB_nat_obj,305,--none--
2-63,orig_5random_nat_obj,342,--none--
2-63,orig_gsifts1p_nat_obj,323,--none--
2-63,orig_simpl_rnd_obj,475,--none--
2-63,orig_minAB_rnd_obj,350,--none--
2-63,orig_5random_rnd_obj,438,--none--
2-63,orig_gsifts1p_rnd_obj,260,--none--
2-63,orig_simpl_ctl_obj,10944,--none--
2-63,orig_minAB_ctl_obj,11737,--none--
2-63,orig_5random_ctl_obj,11836,--none--
2-63,orig_gsifts1p_ctl_obj,9779,--none--
2-64,orig_simpl_nat_obj,146,--none--
2-64,orig_minAB_nat_obj,163,--none--
2-64,orig_5random_nat_obj,214,--none--
2-64,orig_gsifts1p_nat_obj,139,--none--
2-64,orig_simpl_rnd_obj,269,--none--
2-64,orig_minAB_rnd_obj,226,--none--
2-64,orig_5random_rnd_obj,228,--none--
2-64,orig_gsifts1p_rnd_obj,157,--none--
2-64,orig_simpl_ctl_obj,963,--none--
2-64,orig_minAB_ctl_obj,1238,--none--
2-64,orig_5random_ctl_obj,4686,--none--
2-64,orig_gsifts1p_ctl_obj,865,--none--
2-65,orig_simpl_nat_obj,272,--none--
2-65,orig_minAB_nat_obj,225,--none--
2-65,orig_5random_nat_obj,309,--none--
2-65,orig_gsifts1p_nat_obj,153,--none--
2-65,orig_simpl_rnd_obj,397,--none--
2-65,orig_minAB_rnd_obj,352,--none--
2-65,orig_5random_rnd_obj,243,--none--
2-65,orig_gsifts1p_rnd_obj,153,--none--
2-65,orig_simpl_ctl_obj,6255,--none--
2-65,orig_minAB_ctl_obj,8395,--none--
2-65,orig_5random_ctl_obj,8928,--none--
2-65,orig_gsifts1p_ctl_obj,5884,--none--
2-66,orig_simpl_nat_obj,330,--none--
2-66,orig_minAB_nat_obj,320,--none--
2-66,orig_5random_nat_obj,445,--none--
2-66,orig_gsifts1p_nat_obj,278,--none--
2-66,orig_simpl_rnd_obj,376,--none--
2-66,orig_minAB_rnd_obj,355,--none--
2-66,orig_5random_rnd_obj,498,--none--
2-66,orig_gsifts1p_rnd_obj,352,--none--
2-66,orig_simpl_ctl_obj,3159,--none--
2-66,orig_minAB_ctl_obj,3200,--none--
2-66,orig_5random_ctl_obj,7667,--none--
2-66,orig_gsifts1p_ctl_obj,2565,--none--
2-67,orig_simpl_nat_obj,245,--none--
2-67,orig_minAB_nat_obj,205,--none--
2-67,orig_5random_nat_obj,344,--none--
2-67,orig_gsifts1p_nat_obj,156,--none--
2-67,orig_simpl_rnd_obj,419,--none--
2-67,orig_minAB_rnd_obj,254,--none--
2-67,orig_5random_rnd_obj,274,--none--
2-67,orig_gsifts1p_rnd_obj,162,--none--
2-67,orig_simpl_ctl_obj,8229,--none--
2-67,orig_minAB_ctl_obj,7945,--none--
2-67,orig_5random_ctl_obj,14495,--none--
2-67,orig_gsifts1p_ctl_obj,7978,--none--
2-68,orig_simpl_nat_obj,161,--none--
2-68,orig_minAB_nat_obj,164,--none--
2-68,orig_5random_nat_obj,151,--none--
2-68,orig_gsifts1p_nat_obj,146,--none--
2-68,orig_simpl_rnd_obj,249,--none--
2-68,orig_minAB_rnd_obj,193,--none--
2-68,orig_5random_rnd_obj,205,--none--
2-68,orig_gsifts1p_rnd_obj,146,--none--
2-68,orig_simpl_ctl_obj,7732,--none--
2-68,orig_minAB_ctl_obj,8670,--none--
2-68,orig_5random_ctl_obj,7944,--none--
2-68,orig_gsifts1p_ctl_obj,3432,--none--
2-69,orig_simpl_nat_obj,115,--none--
2-69,orig_minAB_nat_obj,115,--none--
2-69,orig_5random_nat_obj,142,--none--
2-69,orig_gsifts1p_nat_obj,95,--none--
2-69,orig_simpl_rnd_obj,150,--none--
2-69,orig_minAB_rnd_obj,130,--none--
2-69,orig_5random_rnd_obj,135,--none--
2-69,orig_gsifts1p_rnd_obj,98,--none--
2-69,orig_simpl_ctl_obj,1808,--none--
2-69,orig_minAB_ctl_obj,1771,--none--
2-69,orig_5random_ctl_obj,4899,--none--
2-69,orig_gsifts1p_ctl_obj,961,--none--
2-70,orig_simpl_nat_obj,321,--none--
2-70,orig_minAB_nat_obj,301,--none--
2-70,orig_5random_nat_obj,467,--none--
2-70,orig_gsifts1p_nat_obj,301,--none--
2-70,orig_simpl_rnd_obj,343,--none--
2-70,orig_minAB_rnd_obj,305,--none--
2-70,orig_5random_rnd_obj,468,--none--
2-70,orig_gsifts1p_rnd_obj,302,--none--
2-70,orig_simpl_ctl_obj,4907,--none--
2-70,orig_minAB_ctl_obj,4079,--none--
2-70,orig_5random_ctl_obj,11030,--none--
2-70,orig_gsifts1p_ctl_obj,3174,--none--
2-71,orig_simpl_nat_obj,65,--none--
2-71,orig_minAB_nat_obj,52,--none--
2-71,orig_5random_nat_obj,61,--none--
2-71,orig_gsifts1p_nat_obj,61,--none--
2-71,orig_simpl_rnd_obj,62,--none--
2-71,orig_minAB_rnd_obj,62,--none--
2-71,orig_5random_rnd_obj,67,--none--
2-71,orig_gsifts1p_rnd_obj,65,--none--
2-71,orig_simpl_ctl_obj,2980,--none--
2-71,orig_minAB_ctl_obj,4317,--none--
2-71,orig_5random_ctl_obj,6211,--none--
2-71,orig_gsifts1p_ctl_obj,2980,--none--
2-72,orig_simpl_nat_obj,216,--none--
2-72,orig_minAB_nat_obj,182,--none--
2-72,orig_5random_nat_obj,304,--none--
2-72,orig_gsifts1p_nat_obj,110,--none--
2-72,orig_simpl_rnd_obj,262,--none--
2-72,orig_minAB_rnd_obj,260,--none--
2-72,orig_5random_rnd_obj,201,--none--
2-72,orig_gsifts1p_rnd_obj,145,--none--
2-72,orig_simpl_ctl_obj,3380,--none--
2-72,orig_minAB_ctl_obj,3942,--none--
2-72,orig_5random_ctl_obj,9212,--none--
2-72,orig_gsifts1p_ctl_obj,3369,--none--
2-73,orig_simpl_nat_obj,64,--none--
2-73,orig_minAB_nat_obj,53,--none--
2-73,orig_5random_nat_obj,66,--none--
2-73,orig_gsifts1p_nat_obj,45,--none--
2-73,orig_simpl_rnd_obj,77,--none--
2-73,orig_minAB_rnd_obj,53,--none--
2-73,orig_5random_rnd_obj,60,--none--
2-73,orig_gsifts1p_rnd_obj,48,--none--
2-73,orig_simpl_ctl_obj,5432,--none--
2-73,orig_minAB_ctl_obj,7809,--none--
2-73,orig_5random_ctl_obj,14405,--none--
2-73,orig_gsifts1p_ctl_obj,5331,--none--
2-74,orig_simpl_nat_obj,157,--none--
2-74,orig_minAB_nat_obj,155,--none--
2-74,orig_5random_nat_obj,262,--none--
2-74,orig_gsifts1p_nat_obj,93,--none--
2-74,orig_simpl_rnd_obj,295,--none--
2-74,orig_minAB_rnd_obj,184,--none--
2-74,orig_5random_rnd_obj,259,--none--
2-74,orig_gsifts1p_rnd_obj,100,--none--
2-74,orig_simpl_ctl_obj,10277,--none--
2-74,orig_minAB_ctl_obj,6468,--none--
2-74,orig_5random_ctl_obj,6973,--none--
2-74,orig_gsifts1p_ctl_obj,1554,--none--
2-75,orig_simpl_nat_obj,253,--none--
2-75,orig_minAB_nat_obj,219,--none--
2-75,orig_5random_nat_obj,299,--none--
2-75,orig_gsifts1p_nat_obj,219,--none--
2-75,orig_simpl_rnd_obj,275,--none--
2-75,orig_minAB_rnd_obj,292,--none--
2-75,orig_5random_rnd_obj,321,--none--
2-75,orig_gsifts1p_rnd_obj,190,--none--
2-75,orig_simpl_ctl_obj,9338,--none--
2-75,orig_minAB_ctl_obj,10136,--none--
2-75,orig_5random_ctl_obj,15537,--none--
2-75,orig_gsifts1p_ctl_obj,9230,--none--
2-76,orig_simpl_nat_obj,254,--none--
2-76,orig_minAB_nat_obj,194,--none--
2-76,orig_5random_nat_obj,368,--none--
2-76,orig_gsifts1p_nat_obj,249,--none--
2-76,orig_simpl_rnd_obj,398,--none--
2-76,orig_minAB_rnd_obj,233,--none--
2-76,orig_5random_rnd_obj,324,--none--
2-76,orig_gsifts1p_rnd_obj,213,--none--
2-76,orig_simpl_ctl_obj,15043,--none--
2-76,orig_minAB_ctl_obj,13316,--none--
2-76,orig_5random_ctl_obj,14776,--none--
2-76,orig_gsifts1p_ctl_obj,11201,--none--
2-77,orig_simpl_nat_obj,364,--none--
2-77,orig_minAB_nat_obj,362,--none--
2-77,orig_5random_nat_obj,453,--none--
2-77,orig_gsifts1p_nat_obj,337,--none--
2-77,orig_simpl_rnd_obj,512,--none--
2-77,orig_minAB_rnd_obj,480,--none--
2-77,orig_5random_rnd_obj,514,--none--
2-77,orig_gsifts1p_rnd_obj,343,--none--
2-77,orig_simpl_ctl_obj,705,--none--
2-77,orig_minAB_ctl_obj,491,--none--
2-77,orig_5random_ctl_obj,2147,--none--
2-77,orig_gsifts1p_ctl_obj,491,--none--
2-78,orig_simpl_nat_obj,157,--none--
2-78,orig_minAB_nat_obj,144,--none--
2-78,orig_5random_nat_obj,251,--none--
2-78,orig_gsifts1p_nat_obj,124,--none--
2-78,orig_simpl_rnd_obj,349,--none--
2-78,orig_minAB_rnd_obj,339,--none--
2-78,orig_5random_rnd_obj,282,--none--
2-78,orig_gsifts1p_rnd_obj,185,--none--
2-78,orig_simpl_ctl_obj,4594,--none--
2-78,orig_minAB_ctl_obj,5126,--none--
2-78,orig_5random_ctl_obj,15704,--none--
2-78,orig_gsifts1p_ctl_obj,4590,--none--
2-79,orig_simpl_nat_obj,97,--none--
2-79,orig_minAB_nat_obj,97,--none--
2-79,orig_5random_nat_obj,175,--none--
2-79,orig_gsifts1p_nat_obj,88,--none--
2-79,orig_simpl_rnd_obj,353,--none--
2-79,orig_minAB_rnd_obj,255,--none--
2-79,orig_5random_rnd_obj,174,--none--
2-79,orig_gsifts1p_rnd_obj,97,--none--
2-79,orig_simpl_ctl_obj,5993,--none--
2-79,orig_minAB_ctl_obj,6138,--none--
2-79,orig_5random_ctl_obj,12453,--none--
2-79,orig_gsifts1p_ctl_obj,5774,--none--
2-80,orig_simpl_nat_obj,166,--none--
2-80,orig_minAB_nat_obj,166,--none--
2-80,orig_5random_nat_obj,191,--none--
2-80,orig_gsifts1p_nat_obj,155,--none--
2-80,orig_simpl_rnd_obj,231,--none--
2-80,orig_minAB_rnd_obj,209,--none--
2-80,orig_5random_rnd_obj,245,--none--
2-80,orig_gsifts1p_rnd_obj,145,--none--
2-80,orig_simpl_ctl_obj,3990,--none--
2-80,orig_minAB_ctl_obj,4353,--none--
2-80,orig_5random_ctl_obj,8058,--none--
2-80,orig_gsifts1p_ctl_obj,3973,--none--
2-81,orig_simpl_nat_obj,256,--none--
2-81,orig_minAB_nat_obj,207,--none--
2-81,orig_5random_nat_obj,338,--none--
2-81,orig_gsifts1p_nat_obj,196,--none--
2-81,orig_simpl_rnd_obj,371,--none--
2-81,orig_minAB_rnd_obj,347,--none--
2-81,orig_5random_rnd_obj,327,--none--
2-81,orig_gsifts1p_rnd_obj,177,--none--
2-81,orig_simpl_ctl_obj,6579,--none--
2-81,orig_minAB_ctl_obj,6877,--none--
2-81,orig_5random_ctl_obj,11793,--none--
2-81,orig_gsifts1p_ctl_obj,6651,--none--
2-82,orig_simpl_nat_obj,89,--none--
2-82,orig_minAB_nat_obj,92,--none--
2-82,orig_5random_nat_obj,117,--none--
2-82,orig_gsifts1p_nat_obj,76,--none--
2-82,orig_simpl_rnd_obj,148,--none--
2-82,orig_minAB_rnd_obj,97,--none--
2-82,orig_5random_rnd_obj,108,--none--
2-82,orig_gsifts1p_rnd_obj,91,--none--
2-82,orig_simpl_ctl_obj,2632,--none--
2-82,orig_minAB_ctl_obj,6357,--none--
2-82,orig_5random_ctl_obj,8036,--none--
2-82,orig_gsifts1p_ctl_obj,2591,--none--
2-83,orig_simpl_nat_obj,477,--none--
2-83,orig_minAB_nat_obj,477,--none--
2-83,orig_5random_nat_obj,556,--none--
2-83,orig_gsifts1p_nat_obj,452,--none--
2-83,orig_simpl_rnd_obj,675,--none--
2-83,orig_minAB_rnd_obj,646,--none--
2-83,orig_5random_rnd_obj,631,--none--
2-83,orig_gsifts1p_rnd_obj,505,--none--
2-83,orig_simpl_ctl_obj,12843,--none--
2-83,orig_minAB_ctl_obj,12014,--none--
2-83,orig_5random_ctl_obj,16146,--none--
2-83,orig_gsifts1p_ctl_obj,9423,--none--
2-84,orig_simpl_nat_obj,105,--none--
2-84,orig_minAB_nat_obj,100,--none--
2-84,orig_5random_nat_obj,120,--none--
2-84,orig_gsifts1p_nat_obj,93,--none--
2-84,orig_simpl_rnd_obj,156,--none--
2-84,orig_minAB_rnd_obj,122,--none--
2-84,orig_5random_rnd_obj,143,--none--
2-84,orig_gsifts1p_rnd_obj,102,--none--
2-84,orig_simpl_ctl_obj,10031,--none--
2-84,orig_minAB_ctl_obj,13537,--none--
2-84,orig_5random_ctl_obj,16370,--none--
2-84,orig_gsifts1p_ctl_obj,10000,--none--
2-85,orig_simpl_nat_obj,271,--none--
2-85,orig_minAB_nat_obj,309,--none--
2-85,orig_5random_nat_obj,362,--none--
2-85,orig_gsifts1p_nat_obj,234,--none--
2-85,orig_simpl_rnd_obj,520,--none--
2-85,orig_minAB_rnd_obj,317,--none--
2-85,orig_5random_rnd_obj,246,--none--
2-85,orig_gsifts1p_rnd_obj,221,--none--
2-85,orig_simpl_ctl_obj,8560,--none--
2-85,orig_minAB_ctl_obj,9687,--none--
2-85,orig_5random_ctl_obj,13175,--none--
2-85,orig_gsifts1p_ctl_obj,8562,--none--
2-86,orig_simpl_nat_obj,108,--none--
2-86,orig_minAB_nat_obj,108,--none--
2-86,orig_5random_nat_obj,134,--none--
2-86,orig_gsifts1p_nat_obj,98,--none--
2-86,orig_simpl_rnd_obj,133,--none--
2-86,orig_minAB_rnd_obj,110,--none--
2-86,orig_5random_rnd_obj,129,--none--
2-86,orig_gsifts1p_rnd_obj,114,--none--
2-86,orig_simpl_ctl_obj,7186,--none--
2-86,orig_minAB_ctl_obj,6524,--none--
2-86,orig_5random_ctl_obj,10658,--none--
2-86,orig_gsifts1p_ctl_obj,5042,--none--
2-87,orig_simpl_nat_obj,200,--none--
2-87,orig_minAB_nat_obj,218,--none--
2-87,orig_5random_nat_obj,250,--none--
2-87,orig_gsifts1p_nat_obj,192,--none--
2-87,orig_simpl_rnd_obj,450,--none--
2-87,orig_minAB_rnd_obj,304,--none--
2-87,orig_5random_rnd_obj,292,--none--
2-87,orig_gsifts1p_rnd_obj,174,--none--
2-87,orig_simpl_ctl_obj,14162,--none--
2-87,orig_minAB_ctl_obj,10710,--none--
2-87,orig_5random_ctl_obj,16611,--none--
2-87,orig_gsifts1p_ctl_obj,9563,--none--
2-88,orig_simpl_nat_obj,71,--none--
2-88,orig_minAB_nat_obj,60,--none--
2-88,orig_5random_nat_obj,103,--none--
2-88,orig_gsifts1p_nat_obj,56,--none--
2-88,orig_simpl_rnd_obj,112,--none--
2-88,orig_minAB_rnd_obj,79,--none--
2-88,orig_5random_rnd_obj,75,--none--
2-88,orig_gsifts1p_rnd_obj,64,--none--
2-88,orig_simpl_ctl_obj,3803,--none--
2-88,orig_minAB_ctl_obj,5265,--none--
2-88,orig_5random_ctl_obj,10205,--none--
2-88,orig_gsifts1p_ctl_obj,3685,--none--
2-89,orig_simpl_nat_obj,113,--none--
2-89,orig_minAB_nat_obj,112,--none--
2-89,orig_5random_nat_obj,145,--none--
2-89,orig_gsifts1p_nat_obj,115,--none--
2-89,orig_simpl_rnd_obj,150,--none--
2-89,orig_minAB_rnd_obj,135,--none--
2-89,orig_5random_rnd_obj,142,--none--
2-89,orig_gsifts1p_rnd_obj,104,--none--
2-89,orig_simpl_ctl_obj,10080,--none--
2-89,orig_minAB_ctl_obj,11345,--none--
2-89,orig_5random_ctl_obj,9658,--none--
2-89,orig_gsifts1p_ctl_obj,7042,--none--
2-90,orig_simpl_nat_obj,152,--none--
2-90,orig_minAB_nat_obj,149,--none--
2-90,orig_5random_nat_obj,220,--none--
2-90,orig_gsifts1p_nat_obj,132,--none--
2-90,orig_simpl_rnd_obj,340,--none--
2-90,orig_minAB_rnd_obj,325,--none--
2-90,orig_5random_rnd_obj,221,--none--
2-90,orig_gsifts1p_rnd_obj,138,--none--
2-90,orig_simpl_ctl_obj,6667,--none--
2-90,orig_minAB_ctl_obj,3864,--none--
2-90,orig_5random_ctl_obj,11175,--none--
2-90,orig_gsifts1p_ctl_obj,1716,--none--
2-91,orig_simpl_nat_obj,97,--none--
2-91,orig_minAB_nat_obj,104,--none--
2-91,orig_5random_nat_obj,173,--none--
2-91,orig_gsifts1p_nat_obj,95,--none--
2-91,orig_simpl_rnd_obj,232,--none--
2-91,orig_minAB_rnd_obj,201,--none--
2-91,orig_5random_rnd_obj,163,--none--
2-91,orig_gsifts1p_rnd_obj,78,--none--
2-91,orig_simpl_ctl_obj,7190,--none--
2-91,orig_minAB_ctl_obj,5183,--none--
2-91,orig_5random_ctl_obj,15370,--none--
2-91,orig_gsifts1p_ctl_obj,4415,--none--
2-92,orig_simpl_nat_obj,383,--none--
2-92,orig_minAB_nat_obj,359,--none--
2-92,orig_5random_nat_obj,404,--none--
2-92,orig_gsifts1p_nat_obj,233,--none--
2-92,orig_simpl_rnd_obj,450,--none--
2-92,orig_minAB_rnd_obj,428,--none--
2-92,orig_5random_rnd_obj,334,--none--
2-92,orig_gsifts1p_rnd_obj,228,--none--
2-92,orig_simpl_ctl_obj,3175,--none--
2-92,orig_minAB_ctl_obj,3839,--none--
2-92,orig_5random_ctl_obj,9329,--none--
2-92,orig_gsifts1p_ctl_obj,2641,--none--
2-93,orig_simpl_nat_obj,484,--none--
2-93,orig_minAB_nat_obj,396,--none--
2-93,orig_5random_nat_obj,497,--none--
2-93,orig_gsifts1p_nat_obj,377,--none--
2-93,orig_simpl_rnd_obj,560,--none--
2-93,orig_minAB_rnd_obj,366,--none--
2-93,orig_5random_rnd_obj,511,--none--
2-93,orig_gsifts1p_rnd_obj,386,--none--
2-93,orig_simpl_ctl_obj,2668,--none--
2-93,orig_minAB_ctl_obj,2752,--none--
2-93,orig_5random_ctl_obj,3849,--none--
2-93,orig_gsifts1p_ctl_obj,1910,--none--
2-94,orig_simpl_nat_obj,298,--none--
2-94,orig_minAB_nat_obj,274,--none--
2-94,orig_5random_nat_obj,263,--none--
2-94,orig_gsifts1p_nat_obj,235,--none--
2-94,orig_simpl_rnd_obj,238,--none--
2-94,orig_minAB_rnd_obj,257,--none--
2-94,orig_5random_rnd_obj,303,--none--
2-94,orig_gsifts1p_rnd_obj,239,--none--
2-94,orig_simpl_ctl_obj,7223,--none--
2-94,orig_minAB_ctl_obj,9449,--none--
2-94,orig_5random_ctl_obj,9749,--none--
2-94,orig_gsifts1p_ctl_obj,7389,--none--
2-95,orig_simpl_nat_obj,126,--none--
2-95,orig_minAB_nat_obj,132,--none--
2-95,orig_5random_nat_obj,252,--none--
2-95,orig_gsifts1p_nat_obj,130,--none--
2-95,orig_simpl_rnd_obj,296,--none--
2-95,orig_minAB_rnd_obj,223,--none--
2-95,orig_5random_rnd_obj,211,--none--
2-95,orig_gsifts1p_rnd_obj,146,--none--
2-95,orig_simpl_ctl_obj,12420,--none--
2-95,orig_minAB_ctl_obj,10696,--none--
2-95,orig_5random_ctl_obj,11796,--none--
2-95,orig_gsifts1p_ctl_obj,7914,--none--
2-96,orig_simpl_nat_obj,447,--none--
2-96,orig_minAB_nat_obj,400,--none--
2-96,orig_5random_nat_obj,425,--none--
2-96,orig_gsifts1p_nat_obj,291,--none--
2-96,orig_simpl_rnd_obj,380,--none--
2-96,orig_minAB_rnd_obj,392,--none--
2-96,orig_5random_rnd_obj,383,--none--
2-96,orig_gsifts1p_rnd_obj,338,--none--
2-96,orig_simpl_ctl_obj,12584,--none--
2-96,orig_minAB_ctl_obj,12175,--none--
2-96,orig_5random_ctl_obj,13837,--none--
2-96,orig_gsifts1p_ctl_obj,12571,--none--
2-97,orig_simpl_nat_obj,226,--none--
2-97,orig_minAB_nat_obj,170,--none--
2-97,orig_5random_nat_obj,403,--none--
2-97,orig_gsifts1p_nat_obj,159,--none--
2-97,orig_simpl_rnd_obj,225,--none--
2-97,orig_minAB_rnd_obj,216,--none--
2-97,orig_5random_rnd_obj,382,--none--
2-97,orig_gsifts1p_rnd_obj,200,--none--
2-97,orig_simpl_ctl_obj,2307,--none--
2-97,orig_minAB_ctl_obj,2556,--none--
2-97,orig_5random_ctl_obj,10948,--none--
2-97,orig_gsifts1p_ctl_obj,2305,--none--
2-98,orig_simpl_nat_obj,297,--none--
2-98,orig_minAB_nat_obj,225,--none--
2-98,orig_5random_nat_obj,413,--none--
2-98,orig_gsifts1p_nat_obj,201,--none--
2-98,orig_simpl_rnd_obj,440,--none--
2-98,orig_minAB_rnd_obj,275,--none--
2-98,orig_5random_rnd_obj,353,--none--
2-98,orig_gsifts1p_rnd_obj,250,--none--
2-98,orig_simpl_ctl_obj,6867,--none--
2-98,orig_minAB_ctl_obj,8981,--none--
2-98,orig_5random_ctl_obj,16310,--none--
2-98,orig_gsifts1p_ctl_obj,6869,--none--
2-99,orig_simpl_nat_obj,214,--none--
2-99,orig_minAB_nat_obj,266,--none--
2-99,orig_5random_nat_obj,339,--none--
2-99,orig_gsifts1p_nat_obj,212,--none--
2-99,orig_simpl_rnd_obj,443,--none--
2-99,orig_minAB_rnd_obj,309,--none--
2-99,orig_5random_rnd_obj,303,--none--
2-99,orig_gsifts1p_rnd_obj,229,--none--
2-99,orig_simpl_ctl_obj,3265,--none--
2-99,orig_minAB_ctl_obj,3708,--none--
2-99,orig_5random_ctl_obj,9808,--none--
2-99,orig_gsifts1p_ctl_obj,3412,--none--
