k, VS_status, AB_simscore, no_opts, opts_diam, best_VS_simscore, worst_VS_simscore, exp_time
0, optimal, 53.3, 4, 13.3, 73.3, 66.7, 0.6
1, optimal, 40.0, 6, 20.0, 53.3, 33.3, 0.5
2, optimal, 66.7, 36, 40.0, 80.0, 40.0, 0.5
3, optimal, 40.0, 720, 100.0, 100.0, 0.0, 4.5
4, optimal, 46.7, 20, 46.7, 80.0, 53.3, 0.5
5, optimal, 66.7, 4, 13.3, 100.0, 93.3, 0.5
6, optimal, 46.7, 8, 20.0, 86.7, 66.7, 0.4
7, optimal, 40.0, 4, 93.3, 60.0, 46.7, 0.5
8, optimal, 46.7, 24, 40.0, 66.7, 26.7, 0.4
9, optimal, 40.0, 5, 33.3, 66.7, 60.0, 0.6
10, optimal, 26.7, 2, 6.7, 20.0, 20.0, 0.7
11, optimal, 53.3, 1, 0.0, 60.0, 60.0, 0.5
12, optimal, 46.7, 5, 40.0, 66.7, 53.3, 0.5
13, optimal, 73.3, 12, 26.7, 73.3, 46.7, 0.4
14, optimal, 60.0, 12, 26.7, 80.0, 53.3, 0.4
15, optimal, 60.0, 8, 20.0, 86.7, 73.3, 0.5
16, optimal, 46.7, 12, 26.7, 86.7, 60.0, 0.4
17, optimal, 40.0, 8, 66.7, 80.0, 53.3, 0.5
18, optimal, 40.0, 4, 13.3, 86.7, 80.0, 0.6
19, optimal, 46.7, 120, 66.7, 100.0, 33.3, 0.5
20, optimal, 46.7, 15, 66.7, 100.0, 53.3, 0.5
21, optimal, 60.0, 4, 13.3, 100.0, 93.3, 0.6
22, optimal, 80.0, 4, 13.3, 100.0, 93.3, 0.5
23, optimal, 40.0, 6, 20.0, 53.3, 33.3, 0.5
24, optimal, 60.0, 1, 0.0, 80.0, 80.0, 0.6
25, optimal, 33.3, 16, 46.7, 80.0, 40.0, 0.4
26, optimal, 46.7, 6, 20.0, 73.3, 53.3, 0.4
27, optimal, 13.3, 4, 13.3, 66.7, 53.3, 0.4
28, optimal, 80.0, 120, 66.7, 93.3, 26.7, 0.5
29, optimal, 46.7, 48, 46.7, 66.7, 20.0, 0.5
30, optimal, 86.7, 12, 40.0, 100.0, 73.3, 0.8
31, optimal, 46.7, 6, 20.0, 53.3, 33.3, 0.5
32, optimal, 40.0, 4, 20.0, 60.0, 53.3, 0.7
33, optimal, 60.0, 3, 13.3, 93.3, 86.7, 0.5
34, optimal, 53.3, 12, 26.7, 100.0, 73.3, 0.4
35, optimal, 33.3, 48, 46.7, 86.7, 40.0, 0.5
36, optimal, 46.7, 4, 13.3, 60.0, 46.7, 0.5
37, optimal, 33.3, 120, 66.7, 100.0, 33.3, 0.5
38, optimal, 53.3, 6, 20.0, 100.0, 86.7, 0.6
39, optimal, 33.3, 16, 46.7, 73.3, 40.0, 0.4
40, optimal, 53.3, 4, 26.7, 93.3, 80.0, 0.5
41, optimal, 46.7, 18, 33.3, 73.3, 40.0, 0.4
42, optimal, 53.3, 4, 13.3, 60.0, 46.7, 0.6
43, optimal, 46.7, 4, 13.3, 60.0, 53.3, 0.5
44, optimal, 66.7, 4, 13.3, 80.0, 66.7, 0.5
45, optimal, 60.0, 8, 20.0, 73.3, 53.3, 0.4
46, optimal, 40.0, 4, 13.3, 86.7, 80.0, 0.4
47, optimal, 46.7, 14, 46.7, 80.0, 46.7, 0.5
48, optimal, 66.7, 48, 46.7, 86.7, 40.0, 0.4
49, optimal, 73.3, 4, 13.3, 80.0, 73.3, 0.5
50, optimal, 40.0, 1, 0.0, 53.3, 53.3, 0.5
51, optimal, 60.0, 4, 13.3, 73.3, 60.0, 0.5
52, optimal, 53.3, 4, 13.3, 86.7, 80.0, 0.5
53, optimal, 33.3, 4, 13.3, 86.7, 73.3, 0.6
54, optimal, 33.3, 4, 13.3, 80.0, 66.7, 0.6
55, optimal, 26.7, 8, 26.7, 66.7, 46.7, 0.5
56, optimal, 60.0, 4, 13.3, 93.3, 86.7, 0.5
57, optimal, 53.3, 48, 46.7, 100.0, 53.3, 0.4
58, optimal, 40.0, 4, 13.3, 80.0, 73.3, 0.6
59, optimal, 33.3, 2, 6.7, 33.3, 33.3, 0.6
60, optimal, 60.0, 6, 26.7, 93.3, 73.3, 0.5
61, optimal, 46.7, 16, 46.7, 53.3, 33.3, 0.5
62, optimal, 53.3, 4, 13.3, 66.7, 60.0, 0.6
63, optimal, 20.0, 8, 33.3, 66.7, 40.0, 0.5
64, optimal, 86.7, 4, 13.3, 93.3, 80.0, 0.4
65, optimal, 73.3, 4, 13.3, 53.3, 46.7, 0.5
66, optimal, 53.3, 12, 26.7, 100.0, 73.3, 0.5
67, optimal, 80.0, 12, 26.7, 73.3, 53.3, 0.4
68, optimal, 13.3, 2, 6.7, 40.0, 40.0, 0.4
69, optimal, 60.0, 12, 26.7, 73.3, 46.7, 0.5
70, optimal, 26.7, 2, 6.7, 33.3, 33.3, 0.5
71, optimal, 66.7, 1, 0.0, 80.0, 80.0, 0.6
72, optimal, 33.3, 6, 20.0, 73.3, 60.0, 0.5
73, optimal, 46.7, 4, 13.3, 93.3, 80.0, 0.5
74, optimal, 13.3, 2, 6.7, 40.0, 40.0, 0.5
75, optimal, 46.7, 16, 40.0, 80.0, 40.0, 0.5
76, optimal, 46.7, 4, 13.3, 73.3, 66.7, 0.6
77, optimal, 60.0, 4, 20.0, 93.3, 86.7, 0.5
78, optimal, 20.0, 6, 20.0, 40.0, 26.7, 0.5
79, optimal, 33.3, 4, 13.3, 86.7, 80.0, 0.4
80, optimal, 33.3, 10, 33.3, 80.0, 60.0, 0.6
81, optimal, 66.7, 6, 40.0, 100.0, 66.7, 0.6
82, optimal, 33.3, 6, 40.0, 86.7, 46.7, 0.6
83, optimal, 33.3, 4, 13.3, 53.3, 40.0, 0.4
84, optimal, 26.7, 1, 0.0, 40.0, 40.0, 0.5
85, optimal, 53.3, 48, 46.7, 100.0, 53.3, 0.4
86, optimal, 46.7, 4, 13.3, 53.3, 40.0, 0.6
87, optimal, 80.0, 2, 6.7, 86.7, 86.7, 0.5
88, optimal, 33.3, 14, 66.7, 100.0, 60.0, 0.6
89, optimal, 73.3, 48, 46.7, 100.0, 53.3, 0.4
90, optimal, 26.7, 4, 13.3, 66.7, 53.3, 0.6
91, optimal, 26.7, 2, 6.7, 53.3, 53.3, 0.5
92, optimal, 13.3, 8, 100.0, 60.0, 40.0, 0.4
93, optimal, 73.3, 4, 13.3, 100.0, 86.7, 0.4
94, optimal, 53.3, 1, 0.0, 80.0, 80.0, 0.5
95, optimal, 66.7, 12, 33.3, 86.7, 73.3, 0.5
96, optimal, 33.3, 4, 20.0, 66.7, 53.3, 0.5
97, optimal, 66.7, 4, 13.3, 86.7, 73.3, 0.4
98, optimal, 40.0, 4, 13.3, 86.7, 73.3, 0.6
99, optimal, 33.3, 4, 13.3, 40.0, 33.3, 0.4
100, optimal, 40.0, 8, 26.7, 73.3, 53.3, 0.6
101, optimal, 40.0, 2, 6.7, 73.3, 73.3, 0.6
102, optimal, 26.7, 2, 6.7, 46.7, 46.7, 0.6
103, optimal, 66.7, 12, 40.0, 93.3, 53.3, 0.5
104, optimal, 20.0, 4, 26.7, 73.3, 46.7, 0.5
105, optimal, 33.3, 2, 6.7, 66.7, 66.7, 0.5
106, optimal, 20.0, 1, 0.0, 46.7, 46.7, 0.5
107, optimal, 60.0, 12, 26.7, 86.7, 60.0, 0.5
108, optimal, 46.7, 2, 6.7, 40.0, 40.0, 0.6
109, optimal, 66.7, 2, 6.7, 66.7, 66.7, 0.5
110, optimal, 26.7, 12, 26.7, 53.3, 26.7, 0.5
111, optimal, 53.3, 2, 6.7, 86.7, 86.7, 0.5
112, optimal, 53.3, 8, 73.3, 73.3, 53.3, 0.4
113, optimal, 73.3, 4, 20.0, 100.0, 93.3, 0.8
114, optimal, 60.0, 24, 40.0, 80.0, 53.3, 0.5
115, optimal, 66.7, 4, 13.3, 86.7, 73.3, 0.5
116, optimal, 40.0, 4, 13.3, 73.3, 66.7, 0.7
117, optimal, 53.3, 12, 26.7, 100.0, 73.3, 0.4
118, optimal, 6.7, 6, 20.0, 66.7, 53.3, 0.5
119, optimal, 60.0, 36, 40.0, 86.7, 53.3, 0.4
120, optimal, 20.0, 4, 20.0, 53.3, 40.0, 0.6
121, optimal, 46.7, 4, 13.3, 66.7, 53.3, 0.5
122, optimal, 33.3, 4, 13.3, 80.0, 73.3, 0.6
123, optimal, 60.0, 2, 6.7, 86.7, 86.7, 0.6
124, optimal, 53.3, 12, 26.7, 66.7, 40.0, 0.4
125, optimal, 20.0, 8, 26.7, 100.0, 80.0, 0.6
126, optimal, 33.3, 2, 6.7, 60.0, 60.0, 0.6
127, optimal, 20.0, 120, 66.7, 66.7, 0.0, 0.5
128, optimal, 53.3, 6, 20.0, 86.7, 73.3, 0.6
129, optimal, 40.0, 20, 86.7, 66.7, 40.0, 0.5
130, optimal, 53.3, 4, 20.0, 86.7, 66.7, 0.5
131, optimal, 33.3, 2, 6.7, 66.7, 66.7, 0.5
132, optimal, 53.3, 12, 26.7, 80.0, 60.0, 0.4
133, optimal, 86.7, 9, 26.7, 100.0, 80.0, 0.5
134, optimal, 46.7, 12, 26.7, 46.7, 26.7, 0.4
135, optimal, 60.0, 4, 13.3, 100.0, 93.3, 0.6
136, optimal, 66.7, 4, 13.3, 93.3, 80.0, 0.4
137, optimal, 60.0, 2, 6.7, 100.0, 100.0, 0.7
138, optimal, 60.0, 8, 26.7, 100.0, 86.7, 0.7
139, optimal, 53.3, 2, 6.7, 33.3, 33.3, 0.6
140, optimal, 73.3, 4, 20.0, 100.0, 86.7, 0.6
141, optimal, 13.3, 12, 26.7, 66.7, 40.0, 0.5
142, optimal, 53.3, 6, 20.0, 46.7, 33.3, 0.5
143, optimal, 46.7, 48, 46.7, 86.7, 40.0, 0.4
144, optimal, 60.0, 4, 20.0, 86.7, 80.0, 0.6
145, optimal, 33.3, 2, 6.7, 33.3, 33.3, 0.5
146, optimal, 40.0, 8, 66.7, 80.0, 46.7, 0.5
147, optimal, 46.7, 10, 60.0, 80.0, 66.7, 0.4
148, optimal, 46.7, 4, 13.3, 86.7, 73.3, 0.4
149, optimal, 60.0, 8, 20.0, 86.7, 66.7, 0.4
150, optimal, 33.3, 4, 13.3, 73.3, 66.7, 0.4
151, optimal, 26.7, 12, 26.7, 80.0, 53.3, 0.4
152, optimal, 26.7, 12, 100.0, 60.0, 40.0, 0.4
153, optimal, 66.7, 8, 26.7, 93.3, 80.0, 0.6
154, optimal, 60.0, 12, 26.7, 93.3, 73.3, 0.4
155, optimal, 60.0, 1, 0.0, 100.0, 100.0, 0.5
156, optimal, 53.3, 12, 26.7, 80.0, 60.0, 0.4
157, optimal, 46.7, 2, 6.7, 66.7, 66.7, 0.5
158, optimal, 33.3, 1, 0.0, 13.3, 13.3, 0.5
159, optimal, 20.0, 8, 26.7, 66.7, 46.7, 0.5
160, optimal, 46.7, 12, 26.7, 80.0, 60.0, 0.4
161, optimal, 80.0, 2, 6.7, 93.3, 93.3, 0.5
162, optimal, 46.7, 2, 6.7, 80.0, 80.0, 0.5
163, optimal, 66.7, 4, 13.3, 73.3, 60.0, 0.4
164, optimal, 40.0, 4, 13.3, 60.0, 53.3, 0.4
165, optimal, 46.7, 8, 26.7, 60.0, 33.3, 0.6
166, optimal, 53.3, 1, 0.0, 53.3, 53.3, 0.5
167, optimal, 66.7, 2, 6.7, 93.3, 93.3, 0.6
168, optimal, 53.3, 4, 33.3, 60.0, 46.7, 0.5
169, optimal, 53.3, 18, 40.0, 93.3, 60.0, 0.5
170, optimal, 26.7, 4, 20.0, 80.0, 66.7, 0.5
171, optimal, 53.3, 2, 6.7, 86.7, 86.7, 0.5
172, optimal, 26.7, 48, 46.7, 86.7, 40.0, 0.4
173, optimal, 46.7, 4, 13.3, 73.3, 66.7, 0.5
174, optimal, 53.3, 4, 13.3, 73.3, 60.0, 0.5
175, optimal, 46.7, 2, 6.7, 66.7, 66.7, 0.6
176, optimal, 20.0, 12, 33.3, 100.0, 66.7, 0.5
177, optimal, 46.7, 120, 66.7, 80.0, 13.3, 0.5
178, optimal, 66.7, 5, 33.3, 86.7, 73.3, 0.6
179, optimal, 46.7, 8, 20.0, 66.7, 46.7, 0.4
180, optimal, 60.0, 4, 13.3, 86.7, 80.0, 0.6
181, optimal, 60.0, 12, 26.7, 86.7, 60.0, 0.4
182, optimal, 40.0, 3, 13.3, 46.7, 33.3, 0.5
183, optimal, 60.0, 12, 40.0, 100.0, 73.3, 0.5
184, optimal, 53.3, 24, 40.0, 73.3, 40.0, 0.5
185, optimal, 80.0, 6, 20.0, 100.0, 86.7, 0.5
186, optimal, 40.0, 120, 66.7, 86.7, 20.0, 0.5
187, optimal, 66.7, 2, 6.7, 86.7, 86.7, 0.5
188, optimal, 6.7, 14, 53.3, 60.0, 26.7, 0.5
189, optimal, 33.3, 8, 26.7, 86.7, 73.3, 0.5
190, optimal, 40.0, 6, 20.0, 40.0, 26.7, 0.4
191, optimal, 40.0, 24, 40.0, 86.7, 53.3, 0.4
192, optimal, 80.0, 4, 13.3, 100.0, 86.7, 0.5
193, optimal, 73.3, 120, 66.7, 100.0, 33.3, 0.5
194, optimal, 26.7, 2, 6.7, 80.0, 80.0, 0.5
195, optimal, 33.3, 2, 6.7, 73.3, 73.3, 0.5
196, optimal, 60.0, 120, 66.7, 93.3, 26.7, 0.5
197, optimal, 40.0, 2, 6.7, 80.0, 80.0, 0.5
198, optimal, 80.0, 4, 13.3, 100.0, 93.3, 0.5
199, optimal, 20.0, 10, 46.7, 100.0, 60.0, 0.6
200, optimal, 33.3, 4, 20.0, 13.3, 6.7, 0.6
201, optimal, 33.3, 4, 13.3, 40.0, 33.3, 0.5
202, optimal, 53.3, 8, 26.7, 93.3, 66.7, 0.5
203, optimal, 73.3, 24, 40.0, 100.0, 73.3, 0.4
204, optimal, 80.0, 12, 26.7, 86.7, 60.0, 0.4
205, optimal, 40.0, 2, 6.7, 73.3, 73.3, 0.6
206, optimal, 33.3, 24, 40.0, 73.3, 46.7, 0.5
207, optimal, 40.0, 8, 26.7, 40.0, 20.0, 0.5
208, optimal, 73.3, 8, 26.7, 86.7, 73.3, 0.5
209, optimal, 53.3, 6, 40.0, 73.3, 40.0, 0.5
210, optimal, 53.3, 4, 13.3, 100.0, 93.3, 0.6
211, optimal, 46.7, 2, 6.7, 60.0, 60.0, 0.6
212, optimal, 60.0, 3, 13.3, 93.3, 86.7, 0.5
213, optimal, 20.0, 16, 46.7, 53.3, 26.7, 0.6
214, optimal, 66.7, 4, 13.3, 73.3, 66.7, 0.8
215, optimal, 20.0, 4, 13.3, 66.7, 60.0, 0.5
216, optimal, 60.0, 2, 6.7, 80.0, 80.0, 0.5
217, optimal, 46.7, 12, 33.3, 80.0, 60.0, 0.6
218, optimal, 53.3, 12, 26.7, 93.3, 66.7, 0.4
219, optimal, 46.7, 10, 80.0, 66.7, 46.7, 0.5
220, optimal, 53.3, 2, 6.7, 86.7, 86.7, 0.5
221, optimal, 73.3, 48, 46.7, 66.7, 26.7, 0.4
222, optimal, 53.3, 6, 20.0, 80.0, 66.7, 0.6
223, optimal, 66.7, 2, 6.7, 66.7, 66.7, 0.6
224, optimal, 53.3, 12, 26.7, 100.0, 73.3, 0.4
225, optimal, 46.7, 120, 66.7, 93.3, 26.7, 0.5
226, optimal, 46.7, 2, 6.7, 86.7, 86.7, 0.5
227, optimal, 53.3, 4, 13.3, 73.3, 66.7, 0.4
228, optimal, 66.7, 4, 13.3, 86.7, 73.3, 0.6
229, optimal, 73.3, 2, 6.7, 93.3, 93.3, 0.6
230, optimal, 40.0, 8, 66.7, 53.3, 13.3, 0.5
231, optimal, 53.3, 1, 0.0, 60.0, 60.0, 0.5
232, optimal, 46.7, 12, 26.7, 80.0, 53.3, 0.4
233, optimal, 53.3, 8, 53.3, 73.3, 53.3, 0.5
234, optimal, 46.7, 4, 13.3, 86.7, 73.3, 0.7
235, optimal, 73.3, 2, 6.7, 86.7, 86.7, 0.5
236, optimal, 33.3, 120, 66.7, 80.0, 13.3, 0.5
237, optimal, 46.7, 18, 33.3, 73.3, 46.7, 0.4
238, optimal, 53.3, 6, 20.0, 93.3, 80.0, 0.5
239, optimal, 26.7, 2, 6.7, 80.0, 80.0, 0.6
240, optimal, 60.0, 2, 6.7, 93.3, 93.3, 0.6
241, optimal, 33.3, 4, 13.3, 73.3, 60.0, 0.4
242, optimal, 66.7, 6, 53.3, 100.0, 53.3, 0.4
243, optimal, 46.7, 18, 40.0, 86.7, 60.0, 0.4
244, optimal, 53.3, 2, 6.7, 93.3, 93.3, 0.4
245, optimal, 60.0, 2, 6.7, 53.3, 53.3, 0.6
246, optimal, 26.7, 4, 13.3, 86.7, 80.0, 0.4
247, optimal, 60.0, 12, 33.3, 80.0, 60.0, 0.6
248, optimal, 46.7, 4, 13.3, 53.3, 46.7, 0.6
249, optimal, 6.7, 16, 40.0, 33.3, 13.3, 0.5
250, optimal, 46.7, 16, 86.7, 66.7, 6.7, 0.7
251, optimal, 73.3, 2, 53.3, 66.7, 66.7, 0.5
252, optimal, 40.0, 4, 13.3, 60.0, 46.7, 0.5
253, optimal, 53.3, 24, 40.0, 66.7, 33.3, 0.4
254, optimal, 26.7, 6, 20.0, 86.7, 73.3, 0.5
255, optimal, 26.7, 48, 46.7, 86.7, 40.0, 0.4
256, optimal, 13.3, 24, 46.7, 80.0, 40.0, 0.4
257, optimal, 60.0, 16, 53.3, 86.7, 60.0, 0.4
258, optimal, 60.0, 4, 20.0, 86.7, 80.0, 0.5
259, optimal, 40.0, 8, 40.0, 60.0, 40.0, 0.5
260, optimal, 60.0, 2, 6.7, 93.3, 93.3, 0.4
261, optimal, 73.3, 2, 6.7, 100.0, 100.0, 0.5
262, optimal, 46.7, 6, 20.0, 100.0, 86.7, 0.7
263, optimal, 66.7, 8, 40.0, 86.7, 66.7, 0.6
264, optimal, 33.3, 16, 53.3, 66.7, 20.0, 0.5
265, optimal, 80.0, 6, 20.0, 86.7, 73.3, 0.5
266, optimal, 80.0, 12, 26.7, 100.0, 80.0, 0.5
267, optimal, 26.7, 3, 13.3, 60.0, 53.3, 0.5
268, optimal, 26.7, 4, 20.0, 73.3, 66.7, 0.5
269, optimal, 20.0, 6, 26.7, 46.7, 33.3, 0.5
270, optimal, 46.7, 16, 66.7, 86.7, 53.3, 0.5
271, optimal, 53.3, 2, 6.7, 73.3, 73.3, 0.6
272, optimal, 80.0, 8, 26.7, 100.0, 86.7, 0.5
273, optimal, 40.0, 12, 26.7, 73.3, 46.7, 0.4
274, optimal, 20.0, 4, 13.3, 86.7, 73.3, 0.5
275, optimal, 40.0, 48, 46.7, 73.3, 26.7, 0.4
276, optimal, 26.7, 44, 93.3, 80.0, 6.7, 0.8
277, optimal, 33.3, 8, 33.3, 60.0, 26.7, 0.5
278, optimal, 40.0, 4, 13.3, 60.0, 53.3, 0.5
279, optimal, 40.0, 30, 46.7, 100.0, 60.0, 0.5
280, optimal, 26.7, 12, 26.7, 80.0, 53.3, 0.4
281, optimal, 93.3, 6, 20.0, 73.3, 60.0, 0.5
282, optimal, 40.0, 8, 26.7, 73.3, 60.0, 0.4
283, optimal, 60.0, 5, 26.7, 66.7, 53.3, 0.4
284, optimal, 53.3, 5, 80.0, 46.7, 40.0, 0.5
285, optimal, 60.0, 48, 46.7, 86.7, 40.0, 0.4
286, optimal, 40.0, 16, 40.0, 73.3, 46.7, 0.4
287, optimal, 80.0, 2, 6.7, 100.0, 100.0, 0.5
288, optimal, 26.7, 2, 6.7, 53.3, 53.3, 0.6
289, optimal, 66.7, 24, 40.0, 100.0, 66.7, 0.4
290, optimal, 46.7, 2, 6.7, 46.7, 46.7, 0.5
291, optimal, 40.0, 6, 60.0, 53.3, 6.7, 0.5
292, optimal, 73.3, 36, 66.7, 93.3, 53.3, 0.6
293, optimal, 73.3, 16, 66.7, 73.3, 46.7, 0.4
294, optimal, 33.3, 36, 40.0, 60.0, 20.0, 0.5
295, optimal, 20.0, 6, 40.0, 73.3, 33.3, 0.6
296, optimal, 60.0, 6, 26.7, 80.0, 66.7, 0.5
297, optimal, 46.7, 2, 6.7, 86.7, 86.7, 0.6
298, optimal, 73.3, 4, 13.3, 86.7, 80.0, 0.4
299, optimal, 53.3, 2, 6.7, 93.3, 93.3, 0.5
300, optimal, 20.0, 20, 66.7, 80.0, 53.3, 0.5
301, optimal, 80.0, 6, 20.0, 93.3, 73.3, 0.5
302, optimal, 60.0, 1, 0.0, 86.7, 86.7, 0.5
303, optimal, 66.7, 3, 13.3, 73.3, 66.7, 0.6
304, optimal, 26.7, 6, 20.0, 73.3, 60.0, 0.5
305, optimal, 40.0, 6, 26.7, 80.0, 66.7, 0.6
306, optimal, 80.0, 48, 46.7, 86.7, 46.7, 0.4
307, optimal, 46.7, 2, 6.7, 86.7, 86.7, 0.6
308, optimal, 80.0, 24, 40.0, 93.3, 60.0, 0.5
309, optimal, 53.3, 12, 26.7, 80.0, 53.3, 0.4
310, optimal, 46.7, 2, 6.7, 86.7, 86.7, 0.5
311, optimal, 20.0, 4, 13.3, 46.7, 33.3, 0.5
312, optimal, 60.0, 120, 66.7, 93.3, 26.7, 0.5
313, optimal, 46.7, 6, 20.0, 60.0, 46.7, 0.5
314, optimal, 53.3, 4, 13.3, 60.0, 46.7, 0.4
315, optimal, 60.0, 4, 13.3, 86.7, 80.0, 0.6
316, optimal, 66.7, 12, 33.3, 93.3, 73.3, 0.5
317, optimal, 66.7, 4, 13.3, 86.7, 73.3, 0.5
318, optimal, 46.7, 6, 20.0, 53.3, 33.3, 0.5
319, optimal, 33.3, 12, 26.7, 73.3, 46.7, 0.5
320, optimal, 46.7, 8, 20.0, 80.0, 66.7, 0.4
321, optimal, 73.3, 2, 6.7, 80.0, 80.0, 0.6
322, optimal, 46.7, 8, 33.3, 60.0, 33.3, 0.5
323, optimal, 53.3, 24, 40.0, 93.3, 53.3, 0.4
324, optimal, 26.7, 2, 6.7, 80.0, 80.0, 0.6
325, optimal, 33.3, 18, 73.3, 66.7, 33.3, 0.5
326, optimal, 13.3, 4, 26.7, 66.7, 60.0, 0.4
327, optimal, 60.0, 24, 40.0, 86.7, 46.7, 0.4
328, optimal, 40.0, 12, 26.7, 80.0, 53.3, 0.4
329, optimal, 66.7, 2, 6.7, 73.3, 73.3, 0.6
330, optimal, 33.3, 24, 40.0, 73.3, 33.3, 0.4
331, optimal, 53.3, 48, 46.7, 100.0, 53.3, 0.4
332, optimal, 66.7, 720, 100.0, 100.0, 0.0, 4.5
333, optimal, 66.7, 4, 13.3, 86.7, 73.3, 0.4
334, optimal, 53.3, 10, 46.7, 60.0, 20.0, 0.5
335, optimal, 73.3, 2, 6.7, 100.0, 100.0, 0.7
336, optimal, 60.0, 10, 40.0, 86.7, 60.0, 0.5
337, optimal, 13.3, 24, 86.7, 60.0, 33.3, 0.4
338, optimal, 20.0, 6, 20.0, 40.0, 26.7, 0.4
339, optimal, 40.0, 4, 13.3, 53.3, 46.7, 0.5
340, optimal, 40.0, 4, 13.3, 46.7, 40.0, 0.6
341, optimal, 66.7, 4, 13.3, 86.7, 80.0, 0.6
342, optimal, 66.7, 12, 26.7, 100.0, 73.3, 0.4
343, optimal, 60.0, 1, 0.0, 60.0, 60.0, 0.6
344, optimal, 53.3, 4, 13.3, 53.3, 46.7, 0.4
345, optimal, 40.0, 4, 13.3, 80.0, 73.3, 0.5
346, optimal, 60.0, 36, 40.0, 80.0, 40.0, 0.4
347, optimal, 53.3, 2, 6.7, 80.0, 80.0, 0.5
348, optimal, 60.0, 14, 66.7, 86.7, 46.7, 0.6
349, optimal, 40.0, 9, 46.7, 100.0, 73.3, 0.5
350, optimal, 80.0, 48, 46.7, 93.3, 46.7, 0.4
351, optimal, 33.3, 4, 13.3, 66.7, 60.0, 0.5
352, optimal, 40.0, 13, 93.3, 100.0, 40.0, 0.6
353, optimal, 40.0, 720, 100.0, 100.0, 0.0, 4.9
354, optimal, 13.3, 4, 20.0, 73.3, 60.0, 0.6
355, optimal, 33.3, 36, 40.0, 80.0, 40.0, 0.5
356, optimal, 53.3, 48, 46.7, 100.0, 53.3, 0.4
357, optimal, 80.0, 16, 53.3, 93.3, 60.0, 0.5
358, optimal, 66.7, 16, 73.3, 80.0, 46.7, 0.5
359, optimal, 53.3, 3, 13.3, 73.3, 60.0, 0.5
360, optimal, 20.0, 21, 60.0, 60.0, 20.0, 0.4
361, optimal, 60.0, 1, 0.0, 60.0, 60.0, 0.5
362, optimal, 53.3, 24, 40.0, 93.3, 53.3, 0.4
363, optimal, 33.3, 12, 26.7, 80.0, 60.0, 0.4
364, optimal, 80.0, 16, 93.3, 100.0, 33.3, 0.7
365, optimal, 53.3, 4, 13.3, 66.7, 60.0, 0.7
366, optimal, 73.3, 12, 33.3, 100.0, 73.3, 0.6
367, optimal, 80.0, 2, 6.7, 80.0, 80.0, 0.5
368, optimal, 26.7, 2, 6.7, 40.0, 40.0, 0.6
369, optimal, 53.3, 24, 100.0, 100.0, 26.7, 0.5
370, optimal, 40.0, 2, 6.7, 73.3, 73.3, 0.6
371, optimal, 46.7, 2, 6.7, 86.7, 86.7, 0.4
372, optimal, 66.7, 4, 20.0, 80.0, 73.3, 0.5
373, optimal, 60.0, 4, 13.3, 73.3, 66.7, 0.4
374, optimal, 46.7, 2, 6.7, 93.3, 93.3, 0.6
375, optimal, 26.7, 36, 73.3, 60.0, 26.7, 0.5
376, optimal, 60.0, 4, 13.3, 60.0, 53.3, 0.5
377, optimal, 80.0, 2, 6.7, 100.0, 100.0, 0.6
378, optimal, 73.3, 3, 13.3, 93.3, 86.7, 0.6
379, optimal, 46.7, 4, 20.0, 86.7, 73.3, 0.5
380, optimal, 46.7, 8, 40.0, 93.3, 73.3, 0.5
381, optimal, 73.3, 2, 6.7, 73.3, 73.3, 0.5
382, optimal, 60.0, 6, 20.0, 73.3, 60.0, 0.4
383, optimal, 26.7, 2, 6.7, 66.7, 66.7, 0.6
384, optimal, 6.7, 14, 53.3, 40.0, 0.0, 0.5
385, optimal, 53.3, 4, 40.0, 86.7, 66.7, 0.6
386, optimal, 40.0, 12, 26.7, 86.7, 60.0, 0.4
387, optimal, 26.7, 4, 13.3, 73.3, 60.0, 0.6
388, optimal, 46.7, 24, 40.0, 100.0, 60.0, 0.4
389, optimal, 60.0, 4, 13.3, 73.3, 60.0, 0.4
390, optimal, 26.7, 8, 20.0, 60.0, 40.0, 0.4
391, optimal, 53.3, 120, 66.7, 80.0, 13.3, 0.5
392, optimal, 66.7, 4, 13.3, 33.3, 26.7, 0.4
393, optimal, 40.0, 1, 0.0, 66.7, 66.7, 0.6
394, optimal, 40.0, 8, 20.0, 73.3, 53.3, 0.4
395, optimal, 73.3, 2, 6.7, 80.0, 80.0, 0.5
396, optimal, 40.0, 10, 53.3, 60.0, 26.7, 0.5
397, optimal, 60.0, 4, 13.3, 100.0, 86.7, 0.5
398, optimal, 73.3, 4, 13.3, 100.0, 86.7, 0.5
399, optimal, 80.0, 8, 20.0, 100.0, 80.0, 0.5
400, optimal, 100.0, 8, 26.7, 86.7, 73.3, 0.4
401, optimal, 46.7, 6, 26.7, 60.0, 40.0, 0.5
402, optimal, 66.7, 120, 66.7, 93.3, 26.7, 0.5
403, optimal, 40.0, 6, 20.0, 40.0, 20.0, 0.4
404, optimal, 53.3, 10, 66.7, 86.7, 40.0, 0.5
405, optimal, 53.3, 8, 26.7, 80.0, 60.0, 0.6
406, optimal, 60.0, 6, 20.0, 66.7, 53.3, 0.5
407, optimal, 20.0, 8, 26.7, 40.0, 20.0, 0.6
408, optimal, 33.3, 48, 46.7, 60.0, 13.3, 0.5
409, optimal, 26.7, 6, 66.7, 93.3, 40.0, 0.5
410, optimal, 73.3, 4, 13.3, 46.7, 33.3, 0.4
411, optimal, 40.0, 6, 20.0, 66.7, 46.7, 0.5
412, optimal, 26.7, 10, 33.3, 60.0, 40.0, 0.4
413, optimal, 40.0, 28, 73.3, 93.3, 40.0, 0.5
414, optimal, 33.3, 8, 26.7, 66.7, 53.3, 0.5
415, optimal, 46.7, 4, 13.3, 66.7, 60.0, 0.5
416, optimal, 80.0, 20, 46.7, 100.0, 73.3, 0.5
417, optimal, 66.7, 1, 0.0, 93.3, 93.3, 0.5
418, optimal, 60.0, 2, 6.7, 93.3, 93.3, 0.6
419, optimal, 73.3, 12, 26.7, 40.0, 20.0, 0.4
420, optimal, 40.0, 21, 53.3, 100.0, 46.7, 0.5
421, optimal, 13.3, 12, 26.7, 73.3, 46.7, 0.5
422, optimal, 20.0, 4, 13.3, 46.7, 33.3, 0.4
423, optimal, 73.3, 12, 26.7, 93.3, 73.3, 0.4
424, optimal, 100.0, 2, 6.7, 100.0, 100.0, 0.5
425, optimal, 80.0, 6, 20.0, 86.7, 66.7, 0.4
426, optimal, 33.3, 2, 6.7, 66.7, 66.7, 0.5
427, optimal, 40.0, 4, 40.0, 60.0, 40.0, 0.7
428, optimal, 60.0, 2, 6.7, 66.7, 66.7, 0.5
429, optimal, 66.7, 8, 20.0, 100.0, 80.0, 0.4
430, optimal, 26.7, 16, 46.7, 93.3, 60.0, 0.5
431, optimal, 53.3, 4, 13.3, 73.3, 66.7, 0.4
432, optimal, 73.3, 12, 26.7, 80.0, 60.0, 0.4
433, optimal, 73.3, 12, 26.7, 46.7, 20.0, 0.4
434, optimal, 66.7, 8, 26.7, 86.7, 60.0, 0.5
435, optimal, 60.0, 12, 26.7, 66.7, 46.7, 0.5
436, optimal, 26.7, 10, 46.7, 73.3, 46.7, 0.5
437, optimal, 53.3, 4, 13.3, 93.3, 86.7, 0.5
438, optimal, 46.7, 6, 20.0, 60.0, 46.7, 0.5
439, optimal, 40.0, 1, 0.0, 53.3, 53.3, 0.6
440, optimal, 53.3, 4, 13.3, 60.0, 46.7, 0.4
441, optimal, 73.3, 6, 20.0, 93.3, 80.0, 0.5
442, optimal, 73.3, 6, 20.0, 100.0, 80.0, 0.5
443, optimal, 53.3, 3, 13.3, 73.3, 66.7, 0.6
444, optimal, 46.7, 12, 26.7, 93.3, 66.7, 0.4
445, optimal, 53.3, 4, 13.3, 46.7, 40.0, 0.5
446, optimal, 60.0, 4, 13.3, 86.7, 73.3, 0.5
447, optimal, 60.0, 12, 26.7, 86.7, 60.0, 0.4
448, optimal, 40.0, 4, 20.0, 73.3, 66.7, 0.6
449, optimal, 66.7, 8, 26.7, 66.7, 46.7, 0.7
450, optimal, 60.0, 24, 40.0, 100.0, 60.0, 0.4
451, optimal, 33.3, 720, 100.0, 100.0, 0.0, 4.6
452, optimal, 60.0, 4, 13.3, 73.3, 66.7, 0.4
453, optimal, 60.0, 8, 20.0, 100.0, 86.7, 0.4
454, optimal, 46.7, 6, 20.0, 80.0, 66.7, 0.4
455, optimal, 66.7, 4, 20.0, 86.7, 73.3, 0.5
456, optimal, 20.0, 12, 26.7, 60.0, 33.3, 0.5
457, optimal, 80.0, 34, 66.7, 100.0, 60.0, 0.5
458, optimal, 53.3, 13, 60.0, 100.0, 60.0, 0.6
459, optimal, 46.7, 4, 13.3, 86.7, 73.3, 0.6
460, optimal, 40.0, 4, 13.3, 60.0, 46.7, 0.6
461, optimal, 40.0, 12, 26.7, 73.3, 46.7, 0.4
462, optimal, 33.3, 6, 20.0, 46.7, 33.3, 0.6
463, optimal, 53.3, 120, 66.7, 86.7, 20.0, 0.5
464, optimal, 40.0, 1, 0.0, 53.3, 53.3, 0.5
465, optimal, 73.3, 12, 26.7, 93.3, 66.7, 0.4
466, optimal, 53.3, 8, 33.3, 60.0, 40.0, 0.5
467, optimal, 26.7, 16, 46.7, 80.0, 33.3, 0.4
468, optimal, 73.3, 36, 40.0, 80.0, 46.7, 0.4
469, optimal, 53.3, 720, 100.0, 100.0, 0.0, 4.6
470, optimal, 60.0, 3, 13.3, 73.3, 66.7, 0.5
471, optimal, 40.0, 6, 20.0, 86.7, 73.3, 0.5
472, optimal, 46.7, 48, 46.7, 93.3, 46.7, 0.4
473, optimal, 60.0, 10, 33.3, 53.3, 26.7, 0.5
474, optimal, 53.3, 3, 13.3, 66.7, 60.0, 0.5
475, optimal, 20.0, 2, 6.7, 66.7, 66.7, 0.5
476, optimal, 40.0, 12, 26.7, 40.0, 20.0, 0.4
477, optimal, 66.7, 6, 20.0, 86.7, 66.7, 0.4
478, optimal, 60.0, 4, 13.3, 93.3, 86.7, 0.5
479, optimal, 20.0, 4, 13.3, 66.7, 60.0, 0.4
480, optimal, 26.7, 4, 13.3, 53.3, 40.0, 0.6
481, optimal, 53.3, 4, 13.3, 73.3, 66.7, 0.5
482, optimal, 66.7, 12, 26.7, 66.7, 46.7, 0.5
483, optimal, 46.7, 2, 6.7, 66.7, 66.7, 0.6
484, optimal, 53.3, 2, 6.7, 60.0, 60.0, 0.6
485, optimal, 53.3, 4, 13.3, 73.3, 66.7, 0.5
486, optimal, 73.3, 1, 0.0, 100.0, 100.0, 0.6
487, optimal, 80.0, 4, 13.3, 80.0, 73.3, 0.5
488, optimal, 40.0, 4, 13.3, 73.3, 60.0, 0.5
489, optimal, 20.0, 4, 13.3, 40.0, 26.7, 0.5
490, optimal, 40.0, 4, 13.3, 46.7, 40.0, 0.5
491, optimal, 20.0, 12, 100.0, 86.7, 13.3, 0.6
492, optimal, 46.7, 6, 20.0, 53.3, 40.0, 0.5
493, optimal, 26.7, 1, 0.0, 40.0, 40.0, 0.6
494, optimal, 53.3, 3, 13.3, 86.7, 80.0, 0.5
495, optimal, 60.0, 4, 13.3, 86.7, 80.0, 0.5
496, optimal, 40.0, 12, 46.7, 80.0, 60.0, 0.4
497, optimal, 93.3, 12, 26.7, 100.0, 80.0, 0.4
498, optimal, 46.7, 8, 20.0, 86.7, 66.7, 0.4
499, optimal, 46.7, 6, 20.0, 73.3, 60.0, 0.5
500, optimal, 60.0, 6, 20.0, 66.7, 53.3, 0.4
501, optimal, 26.7, 10, 40.0, 73.3, 46.7, 0.5
502, optimal, 33.3, 2, 6.7, 53.3, 53.3, 0.5
503, optimal, 73.3, 720, 100.0, 100.0, 0.0, 5.0
504, optimal, 73.3, 10, 33.3, 100.0, 80.0, 0.5
505, optimal, 40.0, 4, 13.3, 73.3, 66.7, 0.5
506, optimal, 60.0, 12, 26.7, 46.7, 26.7, 0.4
507, optimal, 46.7, 720, 100.0, 100.0, 0.0, 4.8
508, optimal, 46.7, 36, 66.7, 86.7, 40.0, 0.6
509, optimal, 40.0, 4, 20.0, 60.0, 53.3, 0.7
510, optimal, 60.0, 24, 40.0, 93.3, 53.3, 0.4
511, optimal, 73.3, 720, 100.0, 100.0, 0.0, 4.1
512, optimal, 53.3, 6, 20.0, 93.3, 80.0, 0.7
513, optimal, 40.0, 2, 6.7, 53.3, 53.3, 0.4
514, optimal, 40.0, 2, 6.7, 60.0, 60.0, 0.5
515, optimal, 73.3, 24, 40.0, 100.0, 60.0, 0.4
516, optimal, 6.7, 4, 13.3, 46.7, 33.3, 0.4
517, optimal, 20.0, 12, 26.7, 86.7, 60.0, 0.4
518, optimal, 53.3, 2, 6.7, 86.7, 86.7, 0.5
519, optimal, 73.3, 10, 33.3, 73.3, 53.3, 0.5
520, optimal, 26.7, 16, 46.7, 93.3, 60.0, 0.5
521, optimal, 40.0, 6, 20.0, 46.7, 33.3, 0.6
522, optimal, 40.0, 24, 53.3, 86.7, 53.3, 0.5
523, optimal, 66.7, 4, 13.3, 86.7, 73.3, 0.5
524, optimal, 33.3, 4, 13.3, 80.0, 73.3, 0.4
525, optimal, 33.3, 24, 40.0, 86.7, 53.3, 0.4
526, optimal, 26.7, 4, 13.3, 46.7, 33.3, 0.4
527, optimal, 53.3, 2, 6.7, 60.0, 60.0, 0.5
528, optimal, 53.3, 3, 13.3, 60.0, 53.3, 0.5
529, optimal, 53.3, 6, 20.0, 100.0, 86.7, 0.5
530, optimal, 73.3, 12, 26.7, 100.0, 80.0, 0.4
531, optimal, 33.3, 8, 26.7, 46.7, 26.7, 0.6
532, optimal, 20.0, 12, 26.7, 66.7, 46.7, 0.4
533, optimal, 53.3, 5, 20.0, 86.7, 73.3, 0.5
534, optimal, 40.0, 6, 20.0, 86.7, 73.3, 0.5
535, optimal, 93.3, 12, 33.3, 93.3, 73.3, 0.6
536, optimal, 66.7, 9, 26.7, 80.0, 60.0, 0.5
537, optimal, 73.3, 12, 26.7, 86.7, 60.0, 0.4
538, optimal, 53.3, 1, 0.0, 86.7, 86.7, 0.6
539, optimal, 80.0, 4, 13.3, 100.0, 86.7, 0.5
540, optimal, 73.3, 48, 46.7, 80.0, 40.0, 0.4
541, optimal, 53.3, 24, 40.0, 73.3, 46.7, 0.4
542, optimal, 26.7, 120, 66.7, 66.7, 0.0, 0.5
543, optimal, 46.7, 2, 6.7, 73.3, 73.3, 0.5
544, optimal, 53.3, 6, 33.3, 93.3, 66.7, 0.6
545, optimal, 66.7, 2, 6.7, 53.3, 53.3, 0.6
546, optimal, 40.0, 4, 13.3, 80.0, 73.3, 0.5
547, optimal, 20.0, 4, 13.3, 40.0, 33.3, 0.4
548, optimal, 20.0, 2, 6.7, 20.0, 20.0, 0.5
549, optimal, 33.3, 2, 6.7, 46.7, 46.7, 0.6
550, optimal, 0.0, 6, 20.0, 86.7, 73.3, 0.6
551, optimal, 53.3, 4, 20.0, 26.7, 13.3, 0.6
552, optimal, 20.0, 20, 60.0, 93.3, 60.0, 0.6
553, optimal, 40.0, 2, 6.7, 53.3, 53.3, 0.5
554, optimal, 26.7, 6, 26.7, 66.7, 46.7, 0.6
555, optimal, 60.0, 2, 6.7, 46.7, 46.7, 0.6
556, optimal, 20.0, 2, 6.7, 66.7, 66.7, 0.6
557, optimal, 53.3, 2, 6.7, 53.3, 53.3, 0.5
558, optimal, 66.7, 2, 6.7, 80.0, 80.0, 0.4
559, optimal, 46.7, 2, 6.7, 46.7, 46.7, 0.5
560, optimal, 26.7, 8, 33.3, 73.3, 40.0, 0.5
561, optimal, 33.3, 24, 40.0, 100.0, 60.0, 0.5
562, optimal, 20.0, 2, 6.7, 53.3, 53.3, 0.5
563, optimal, 40.0, 48, 46.7, 60.0, 13.3, 0.5
564, optimal, 66.7, 12, 26.7, 60.0, 40.0, 0.4
565, optimal, 66.7, 12, 46.7, 86.7, 46.7, 0.5
566, optimal, 26.7, 4, 13.3, 60.0, 46.7, 0.5
567, optimal, 60.0, 2, 6.7, 66.7, 66.7, 0.4
568, optimal, 53.3, 6, 60.0, 60.0, 53.3, 0.6
569, optimal, 60.0, 12, 26.7, 73.3, 53.3, 0.4
570, optimal, 33.3, 2, 6.7, 80.0, 80.0, 0.5
571, optimal, 46.7, 120, 66.7, 100.0, 33.3, 0.5
572, optimal, 53.3, 16, 60.0, 86.7, 60.0, 0.6
573, optimal, 60.0, 2, 6.7, 53.3, 53.3, 0.5
574, optimal, 46.7, 2, 6.7, 53.3, 53.3, 0.5
575, optimal, 60.0, 8, 100.0, 73.3, 20.0, 0.6
576, optimal, 26.7, 20, 80.0, 100.0, 26.7, 0.6
577, optimal, 80.0, 8, 20.0, 86.7, 73.3, 0.5
578, optimal, 26.7, 8, 26.7, 93.3, 73.3, 0.6
579, optimal, 20.0, 8, 26.7, 60.0, 33.3, 0.4
580, optimal, 73.3, 2, 6.7, 93.3, 93.3, 0.5
581, optimal, 40.0, 6, 20.0, 86.7, 73.3, 0.5
582, optimal, 66.7, 4, 13.3, 86.7, 73.3, 0.5
583, optimal, 26.7, 8, 33.3, 73.3, 53.3, 0.5
584, optimal, 60.0, 4, 13.3, 93.3, 86.7, 0.5
585, optimal, 46.7, 8, 26.7, 100.0, 80.0, 0.5
586, optimal, 13.3, 2, 6.7, 40.0, 40.0, 0.5
587, optimal, 66.7, 18, 40.0, 93.3, 60.0, 0.5
588, optimal, 26.7, 8, 40.0, 33.3, 20.0, 0.4
589, optimal, 40.0, 2, 6.7, 80.0, 80.0, 0.6
590, optimal, 60.0, 4, 13.3, 100.0, 93.3, 0.5
591, optimal, 46.7, 2, 6.7, 46.7, 46.7, 0.5
592, optimal, 46.7, 1, 0.0, 53.3, 53.3, 0.5
593, optimal, 33.3, 6, 20.0, 46.7, 26.7, 0.5
594, optimal, 40.0, 52, 73.3, 93.3, 26.7, 0.5
595, optimal, 46.7, 6, 26.7, 86.7, 66.7, 0.5
596, optimal, 40.0, 4, 13.3, 66.7, 60.0, 0.5
597, optimal, 33.3, 2, 6.7, 46.7, 46.7, 0.6
598, optimal, 46.7, 1, 0.0, 53.3, 53.3, 0.6
599, optimal, 66.7, 24, 40.0, 93.3, 60.0, 0.4
600, optimal, 60.0, 10, 33.3, 86.7, 73.3, 0.5
601, optimal, 73.3, 6, 20.0, 80.0, 60.0, 0.4
602, optimal, 33.3, 2, 6.7, 86.7, 86.7, 0.6
603, optimal, 26.7, 120, 66.7, 93.3, 26.7, 0.5
604, optimal, 60.0, 12, 26.7, 93.3, 66.7, 0.4
605, optimal, 40.0, 14, 46.7, 66.7, 46.7, 0.4
606, optimal, 40.0, 3, 13.3, 66.7, 60.0, 0.5
607, optimal, 20.0, 8, 80.0, 60.0, 40.0, 0.5
608, optimal, 60.0, 24, 40.0, 73.3, 40.0, 0.4
609, optimal, 33.3, 2, 6.7, 53.3, 53.3, 0.6
610, optimal, 86.7, 8, 26.7, 100.0, 80.0, 0.5
611, optimal, 60.0, 24, 40.0, 66.7, 40.0, 0.4
612, optimal, 26.7, 48, 46.7, 73.3, 26.7, 0.4
613, optimal, 33.3, 12, 26.7, 53.3, 33.3, 0.6
614, optimal, 46.7, 10, 26.7, 86.7, 60.0, 0.5
615, optimal, 53.3, 12, 26.7, 86.7, 66.7, 0.4
616, optimal, 46.7, 4, 13.3, 53.3, 46.7, 0.6
617, optimal, 40.0, 12, 26.7, 100.0, 73.3, 0.5
618, optimal, 73.3, 11, 53.3, 86.7, 66.7, 0.5
619, optimal, 40.0, 2, 6.7, 33.3, 33.3, 0.5
620, optimal, 60.0, 48, 46.7, 86.7, 40.0, 0.4
621, optimal, 40.0, 12, 40.0, 73.3, 40.0, 0.5
622, optimal, 53.3, 4, 13.3, 93.3, 80.0, 0.5
623, optimal, 40.0, 4, 13.3, 40.0, 33.3, 0.4
624, optimal, 33.3, 6, 40.0, 33.3, 20.0, 0.5
625, optimal, 20.0, 12, 46.7, 80.0, 40.0, 0.6
626, optimal, 60.0, 8, 26.7, 73.3, 60.0, 0.5
627, optimal, 60.0, 6, 20.0, 80.0, 66.7, 0.6
628, optimal, 46.7, 12, 26.7, 60.0, 33.3, 0.4
629, optimal, 53.3, 8, 40.0, 73.3, 40.0, 0.7
630, optimal, 86.7, 2, 6.7, 93.3, 93.3, 0.4
631, optimal, 53.3, 2, 6.7, 80.0, 80.0, 0.5
632, optimal, 46.7, 12, 26.7, 53.3, 26.7, 0.4
633, optimal, 40.0, 4, 13.3, 86.7, 80.0, 0.6
634, optimal, 40.0, 2, 6.7, 60.0, 60.0, 0.5
635, optimal, 73.3, 1, 0.0, 86.7, 86.7, 0.6
636, optimal, 33.3, 48, 46.7, 80.0, 33.3, 0.4
637, optimal, 53.3, 4, 40.0, 80.0, 46.7, 0.6
638, optimal, 73.3, 12, 40.0, 100.0, 73.3, 0.5
639, optimal, 60.0, 2, 6.7, 93.3, 93.3, 0.6
640, optimal, 46.7, 12, 46.7, 73.3, 53.3, 0.4
641, optimal, 46.7, 4, 66.7, 80.0, 60.0, 0.6
642, optimal, 20.0, 48, 46.7, 60.0, 13.3, 0.4
643, optimal, 40.0, 48, 46.7, 100.0, 53.3, 0.4
644, optimal, 66.7, 4, 13.3, 60.0, 46.7, 0.5
645, optimal, 53.3, 48, 46.7, 93.3, 46.7, 0.4
646, optimal, 86.7, 4, 13.3, 93.3, 86.7, 0.4
647, optimal, 60.0, 8, 26.7, 66.7, 46.7, 0.6
648, optimal, 60.0, 8, 40.0, 80.0, 60.0, 0.4
649, optimal, 73.3, 4, 20.0, 100.0, 93.3, 0.5
650, optimal, 46.7, 8, 46.7, 93.3, 60.0, 0.5
651, optimal, 46.7, 120, 66.7, 80.0, 13.3, 0.5
652, optimal, 40.0, 720, 100.0, 100.0, 0.0, 5.0
653, optimal, 80.0, 12, 26.7, 100.0, 73.3, 0.5
654, optimal, 26.7, 20, 100.0, 60.0, 26.7, 0.5
655, optimal, 33.3, 28, 60.0, 53.3, 6.7, 0.7
656, optimal, 13.3, 2, 6.7, 20.0, 20.0, 0.5
657, optimal, 20.0, 2, 6.7, 40.0, 40.0, 0.5
658, optimal, 13.3, 4, 13.3, 46.7, 33.3, 0.6
659, optimal, 33.3, 2, 6.7, 46.7, 46.7, 0.5
660, optimal, 73.3, 8, 26.7, 80.0, 60.0, 0.5
661, optimal, 40.0, 2, 6.7, 46.7, 46.7, 0.5
662, optimal, 60.0, 4, 13.3, 80.0, 73.3, 0.4
663, optimal, 40.0, 2, 6.7, 60.0, 60.0, 0.5
664, optimal, 53.3, 6, 20.0, 86.7, 73.3, 0.4
665, optimal, 40.0, 6, 46.7, 100.0, 66.7, 0.7
666, optimal, 33.3, 10, 60.0, 80.0, 60.0, 0.5
667, optimal, 40.0, 12, 40.0, 66.7, 40.0, 0.5
668, optimal, 66.7, 4, 33.3, 93.3, 80.0, 0.5
669, optimal, 20.0, 8, 26.7, 46.7, 26.7, 0.5
670, optimal, 73.3, 12, 26.7, 93.3, 73.3, 0.5
671, optimal, 60.0, 12, 26.7, 73.3, 53.3, 0.5
672, optimal, 26.7, 2, 6.7, 60.0, 60.0, 0.5
673, optimal, 46.7, 1, 0.0, 46.7, 46.7, 0.6
674, optimal, 33.3, 18, 60.0, 100.0, 40.0, 0.7
675, optimal, 26.7, 4, 20.0, 60.0, 53.3, 0.7
676, optimal, 40.0, 12, 26.7, 93.3, 66.7, 0.4
677, optimal, 53.3, 12, 26.7, 86.7, 60.0, 0.4
678, optimal, 80.0, 120, 66.7, 86.7, 26.7, 0.4
679, optimal, 40.0, 9, 33.3, 53.3, 33.3, 0.5
680, optimal, 66.7, 2, 6.7, 86.7, 86.7, 0.5
681, optimal, 80.0, 12, 26.7, 80.0, 60.0, 0.4
682, optimal, 46.7, 8, 20.0, 53.3, 40.0, 0.4
683, optimal, 26.7, 6, 26.7, 60.0, 40.0, 0.5
684, optimal, 13.3, 12, 26.7, 60.0, 33.3, 0.4
685, optimal, 20.0, 30, 73.3, 80.0, 20.0, 0.5
686, optimal, 86.7, 4, 20.0, 93.3, 86.7, 0.6
687, optimal, 40.0, 10, 33.3, 73.3, 53.3, 0.5
688, optimal, 40.0, 2, 6.7, 73.3, 73.3, 0.5
689, optimal, 53.3, 8, 26.7, 40.0, 20.0, 0.6
690, optimal, 33.3, 3, 13.3, 60.0, 53.3, 0.5
691, optimal, 60.0, 1, 0.0, 66.7, 66.7, 0.6
692, optimal, 46.7, 14, 46.7, 73.3, 33.3, 0.5
693, optimal, 46.7, 2, 6.7, 66.7, 66.7, 0.5
694, optimal, 53.3, 4, 13.3, 80.0, 73.3, 0.4
695, optimal, 66.7, 4, 13.3, 93.3, 80.0, 0.6
696, optimal, 13.3, 2, 6.7, 60.0, 60.0, 0.5
697, optimal, 33.3, 2, 6.7, 53.3, 53.3, 0.6
698, optimal, 80.0, 2, 6.7, 93.3, 93.3, 0.5
699, optimal, 60.0, 12, 26.7, 100.0, 73.3, 0.4
700, optimal, 66.7, 4, 13.3, 73.3, 66.7, 0.6
701, optimal, 40.0, 120, 66.7, 86.7, 20.0, 0.5
702, optimal, 53.3, 48, 46.7, 60.0, 20.0, 0.4
703, optimal, 6.7, 4, 13.3, 40.0, 33.3, 0.6
704, optimal, 40.0, 3, 13.3, 60.0, 53.3, 0.5
705, optimal, 66.7, 2, 6.7, 73.3, 73.3, 0.6
706, optimal, 46.7, 2, 6.7, 73.3, 73.3, 0.5
707, optimal, 33.3, 6, 20.0, 86.7, 73.3, 0.5
708, optimal, 53.3, 2, 6.7, 80.0, 80.0, 0.6
709, optimal, 60.0, 6, 26.7, 86.7, 66.7, 0.6
710, optimal, 73.3, 2, 6.7, 80.0, 80.0, 0.5
711, optimal, 33.3, 14, 46.7, 46.7, 13.3, 0.5
712, optimal, 40.0, 48, 46.7, 80.0, 33.3, 0.4
713, optimal, 80.0, 48, 46.7, 100.0, 53.3, 0.4
714, optimal, 20.0, 2, 6.7, 93.3, 93.3, 0.6
715, optimal, 73.3, 24, 46.7, 100.0, 66.7, 0.4
716, optimal, 26.7, 2, 6.7, 80.0, 80.0, 0.6
717, optimal, 53.3, 1, 0.0, 73.3, 73.3, 0.6
718, optimal, 60.0, 10, 40.0, 80.0, 60.0, 0.5
719, optimal, 46.7, 4, 13.3, 53.3, 40.0, 0.5
720, optimal, 60.0, 4, 13.3, 66.7, 60.0, 0.5
721, optimal, 40.0, 8, 20.0, 73.3, 60.0, 0.6
722, optimal, 33.3, 12, 33.3, 53.3, 26.7, 0.6
723, optimal, 60.0, 12, 26.7, 100.0, 73.3, 2.2
724, optimal, 40.0, 4, 20.0, 66.7, 60.0, 0.6
725, optimal, 40.0, 8, 40.0, 86.7, 46.7, 0.6
726, optimal, 40.0, 2, 6.7, 60.0, 60.0, 0.6
727, optimal, 60.0, 3, 13.3, 93.3, 86.7, 0.6
728, optimal, 66.7, 720, 100.0, 100.0, 0.0, 4.5
729, optimal, 66.7, 36, 60.0, 100.0, 60.0, 0.5
730, optimal, 53.3, 6, 26.7, 100.0, 73.3, 0.4
731, optimal, 60.0, 2, 6.7, 86.7, 86.7, 0.6
732, optimal, 26.7, 9, 60.0, 66.7, 53.3, 0.5
733, optimal, 73.3, 16, 53.3, 100.0, 53.3, 0.5
734, optimal, 93.3, 18, 33.3, 93.3, 66.7, 0.4
735, optimal, 40.0, 2, 6.7, 66.7, 66.7, 0.6
736, optimal, 40.0, 4, 13.3, 53.3, 46.7, 0.5
737, optimal, 53.3, 4, 13.3, 66.7, 53.3, 0.4
738, optimal, 20.0, 8, 26.7, 80.0, 53.3, 0.5
739, optimal, 53.3, 2, 6.7, 73.3, 73.3, 0.5
740, optimal, 46.7, 8, 100.0, 80.0, 33.3, 0.5
741, optimal, 66.7, 120, 66.7, 100.0, 33.3, 0.5
742, optimal, 33.3, 4, 13.3, 40.0, 33.3, 0.4
743, optimal, 33.3, 4, 13.3, 80.0, 66.7, 0.5
744, optimal, 46.7, 8, 40.0, 86.7, 46.7, 0.5
745, optimal, 13.3, 36, 40.0, 60.0, 20.0, 0.5
746, optimal, 40.0, 6, 26.7, 73.3, 53.3, 0.5
747, optimal, 60.0, 8, 26.7, 93.3, 73.3, 0.5
748, optimal, 53.3, 12, 26.7, 93.3, 66.7, 0.5
749, optimal, 20.0, 4, 13.3, 40.0, 26.7, 0.5
750, optimal, 40.0, 1, 0.0, 73.3, 73.3, 0.6
751, optimal, 26.7, 34, 86.7, 100.0, 33.3, 0.7
752, optimal, 60.0, 8, 20.0, 100.0, 80.0, 0.4
753, optimal, 66.7, 5, 66.7, 93.3, 60.0, 0.6
754, optimal, 66.7, 4, 13.3, 100.0, 93.3, 0.5
755, optimal, 66.7, 6, 26.7, 60.0, 46.7, 0.5
756, optimal, 66.7, 12, 33.3, 100.0, 66.7, 0.5
757, optimal, 60.0, 3, 53.3, 73.3, 66.7, 0.6
758, optimal, 53.3, 48, 46.7, 66.7, 26.7, 0.4
759, optimal, 46.7, 12, 26.7, 86.7, 60.0, 0.4
760, optimal, 40.0, 2, 6.7, 66.7, 66.7, 0.6
761, optimal, 46.7, 4, 20.0, 80.0, 73.3, 0.6
762, optimal, 26.7, 120, 66.7, 100.0, 33.3, 0.5
763, optimal, 66.7, 3, 13.3, 93.3, 86.7, 0.6
764, optimal, 33.3, 4, 13.3, 73.3, 60.0, 0.4
765, optimal, 40.0, 6, 20.0, 93.3, 80.0, 0.5
766, optimal, 40.0, 2, 6.7, 53.3, 53.3, 0.6
767, optimal, 60.0, 15, 93.3, 73.3, 26.7, 0.6
768, optimal, 80.0, 6, 20.0, 93.3, 73.3, 0.5
769, optimal, 60.0, 4, 13.3, 80.0, 66.7, 0.5
770, optimal, 80.0, 1, 0.0, 80.0, 80.0, 0.6
771, optimal, 53.3, 2, 6.7, 73.3, 73.3, 0.7
772, optimal, 46.7, 120, 66.7, 86.7, 20.0, 0.9
773, optimal, 26.7, 2, 6.7, 86.7, 86.7, 0.7
774, optimal, 46.7, 8, 20.0, 86.7, 66.7, 0.4
775, optimal, 66.7, 4, 13.3, 86.7, 80.0, 0.5
776, optimal, 53.3, 2, 6.7, 60.0, 60.0, 0.6
777, optimal, 26.7, 12, 33.3, 73.3, 40.0, 0.7
778, optimal, 60.0, 4, 13.3, 80.0, 73.3, 0.5
779, optimal, 86.7, 2, 6.7, 100.0, 100.0, 0.5
780, optimal, 46.7, 12, 93.3, 100.0, 40.0, 0.6
781, optimal, 60.0, 2, 6.7, 80.0, 80.0, 0.5
782, optimal, 60.0, 10, 40.0, 80.0, 40.0, 0.5
783, optimal, 40.0, 14, 100.0, 86.7, 26.7, 0.5
784, optimal, 46.7, 6, 20.0, 100.0, 80.0, 0.6
785, optimal, 33.3, 12, 26.7, 73.3, 46.7, 0.8
786, optimal, 53.3, 48, 46.7, 80.0, 33.3, 0.7
787, optimal, 40.0, 2, 6.7, 40.0, 40.0, 0.6
788, optimal, 46.7, 120, 66.7, 93.3, 26.7, 0.6
789, optimal, 73.3, 2, 6.7, 86.7, 86.7, 0.6
790, optimal, 33.3, 2, 6.7, 80.0, 80.0, 0.6
791, optimal, 66.7, 1, 0.0, 93.3, 93.3, 0.5
792, optimal, 40.0, 24, 40.0, 100.0, 66.7, 0.4
793, optimal, 66.7, 16, 46.7, 80.0, 53.3, 0.5
794, optimal, 46.7, 8, 20.0, 66.7, 46.7, 0.5
795, optimal, 60.0, 12, 26.7, 100.0, 73.3, 0.5
796, optimal, 66.7, 6, 20.0, 93.3, 80.0, 0.5
797, optimal, 46.7, 14, 46.7, 86.7, 60.0, 0.7
798, optimal, 20.0, 8, 20.0, 73.3, 60.0, 0.7
799, optimal, 40.0, 19, 60.0, 86.7, 60.0, 0.5
800, optimal, 53.3, 4, 20.0, 53.3, 46.7, 0.6
801, optimal, 93.3, 6, 20.0, 100.0, 86.7, 0.4
802, optimal, 60.0, 5, 20.0, 93.3, 80.0, 0.5
803, optimal, 66.7, 5, 33.3, 100.0, 73.3, 0.6
804, optimal, 33.3, 4, 13.3, 46.7, 40.0, 0.4
805, optimal, 53.3, 4, 33.3, 66.7, 53.3, 0.5
806, optimal, 40.0, 16, 100.0, 60.0, 26.7, 0.5
807, optimal, 60.0, 2, 6.7, 93.3, 93.3, 0.5
808, optimal, 40.0, 6, 20.0, 93.3, 73.3, 0.5
809, optimal, 20.0, 8, 26.7, 60.0, 40.0, 0.5
810, optimal, 40.0, 2, 6.7, 73.3, 73.3, 0.5
811, optimal, 46.7, 2, 6.7, 80.0, 80.0, 0.6
812, optimal, 73.3, 12, 26.7, 80.0, 53.3, 0.4
813, optimal, 53.3, 4, 13.3, 60.0, 53.3, 0.6
814, optimal, 93.3, 4, 13.3, 100.0, 93.3, 0.5
815, optimal, 40.0, 1, 0.0, 66.7, 66.7, 0.6
816, optimal, 60.0, 2, 6.7, 93.3, 93.3, 0.4
817, optimal, 60.0, 48, 46.7, 100.0, 53.3, 0.5
818, optimal, 33.3, 16, 66.7, 100.0, 33.3, 0.4
819, optimal, 73.3, 8, 20.0, 73.3, 60.0, 0.4
820, optimal, 26.7, 4, 13.3, 53.3, 40.0, 0.5
821, optimal, 60.0, 1, 0.0, 60.0, 60.0, 0.6
822, optimal, 60.0, 10, 33.3, 66.7, 40.0, 0.5
823, optimal, 46.7, 12, 26.7, 80.0, 60.0, 0.5
824, optimal, 40.0, 12, 26.7, 100.0, 73.3, 0.4
825, optimal, 33.3, 2, 6.7, 66.7, 66.7, 0.4
826, optimal, 53.3, 2, 6.7, 80.0, 80.0, 0.5
827, optimal, 40.0, 2, 6.7, 46.7, 46.7, 0.6
828, optimal, 73.3, 6, 26.7, 80.0, 66.7, 0.5
829, optimal, 33.3, 6, 20.0, 53.3, 33.3, 0.6
830, optimal, 40.0, 3, 13.3, 80.0, 73.3, 0.5
831, optimal, 66.7, 4, 46.7, 100.0, 66.7, 0.5
832, optimal, 40.0, 12, 26.7, 80.0, 53.3, 0.4
833, optimal, 73.3, 20, 46.7, 100.0, 66.7, 0.6
834, optimal, 66.7, 4, 20.0, 93.3, 86.7, 0.7
835, optimal, 20.0, 4, 13.3, 73.3, 60.0, 0.5
836, optimal, 46.7, 12, 80.0, 86.7, 46.7, 0.6
837, optimal, 66.7, 4, 13.3, 73.3, 60.0, 0.5
838, optimal, 46.7, 8, 66.7, 66.7, 40.0, 0.5
839, optimal, 40.0, 12, 26.7, 66.7, 40.0, 0.5
840, optimal, 73.3, 16, 46.7, 100.0, 60.0, 0.4
841, optimal, 33.3, 2, 6.7, 53.3, 53.3, 0.6
842, optimal, 33.3, 120, 66.7, 73.3, 6.7, 0.5
843, optimal, 80.0, 8, 20.0, 100.0, 80.0, 0.4
844, optimal, 60.0, 4, 13.3, 53.3, 46.7, 0.6
845, optimal, 33.3, 2, 6.7, 80.0, 80.0, 0.5
846, optimal, 53.3, 2, 6.7, 100.0, 100.0, 0.7
847, optimal, 53.3, 2, 6.7, 86.7, 86.7, 0.5
848, optimal, 33.3, 8, 20.0, 40.0, 26.7, 0.4
849, optimal, 80.0, 8, 20.0, 66.7, 53.3, 0.4
850, optimal, 26.7, 10, 33.3, 66.7, 46.7, 0.4
851, optimal, 53.3, 2, 6.7, 86.7, 86.7, 0.5
852, optimal, 40.0, 2, 6.7, 60.0, 60.0, 0.6
853, optimal, 73.3, 6, 26.7, 100.0, 86.7, 0.5
854, optimal, 53.3, 12, 26.7, 100.0, 73.3, 0.4
855, optimal, 60.0, 28, 100.0, 80.0, 20.0, 0.5
856, optimal, 46.7, 4, 13.3, 73.3, 60.0, 0.5
857, optimal, 53.3, 2, 6.7, 73.3, 73.3, 0.5
858, optimal, 66.7, 24, 46.7, 80.0, 46.7, 0.5
859, optimal, 26.7, 2, 6.7, 53.3, 53.3, 0.5
860, optimal, 33.3, 12, 26.7, 60.0, 40.0, 0.4
861, optimal, 6.7, 48, 46.7, 46.7, 0.0, 0.4
862, optimal, 33.3, 2, 6.7, 66.7, 66.7, 0.5
863, optimal, 60.0, 10, 40.0, 86.7, 60.0, 0.5
864, optimal, 53.3, 1, 0.0, 66.7, 66.7, 0.6
865, optimal, 33.3, 4, 13.3, 86.7, 73.3, 0.7
866, optimal, 53.3, 24, 46.7, 80.0, 46.7, 0.5
867, optimal, 60.0, 4, 13.3, 86.7, 73.3, 0.5
868, optimal, 26.7, 12, 26.7, 46.7, 20.0, 0.6
869, optimal, 46.7, 6, 20.0, 73.3, 53.3, 0.5
870, optimal, 73.3, 8, 40.0, 73.3, 33.3, 0.7
871, optimal, 40.0, 3, 13.3, 53.3, 40.0, 0.6
872, optimal, 53.3, 48, 46.7, 73.3, 33.3, 0.4
873, optimal, 46.7, 10, 33.3, 53.3, 33.3, 0.5
874, optimal, 53.3, 4, 13.3, 73.3, 60.0, 0.5
875, optimal, 80.0, 12, 26.7, 100.0, 73.3, 0.4
876, optimal, 26.7, 2, 6.7, 33.3, 33.3, 0.6
877, optimal, 93.3, 4, 20.0, 100.0, 93.3, 0.5
878, optimal, 66.7, 14, 60.0, 80.0, 60.0, 0.5
879, optimal, 73.3, 2, 6.7, 73.3, 73.3, 0.5
880, optimal, 60.0, 12, 26.7, 86.7, 66.7, 0.4
881, optimal, 66.7, 2, 6.7, 86.7, 86.7, 0.4
882, optimal, 40.0, 12, 26.7, 73.3, 53.3, 0.5
883, optimal, 60.0, 4, 13.3, 80.0, 73.3, 0.5
884, optimal, 66.7, 6, 26.7, 100.0, 86.7, 0.5
885, optimal, 33.3, 4, 13.3, 80.0, 66.7, 0.5
886, optimal, 53.3, 5, 26.7, 80.0, 66.7, 0.5
887, optimal, 46.7, 2, 6.7, 80.0, 80.0, 0.4
888, optimal, 46.7, 4, 13.3, 86.7, 80.0, 0.4
889, optimal, 33.3, 2, 6.7, 73.3, 73.3, 0.5
890, optimal, 46.7, 8, 26.7, 100.0, 80.0, 0.4
891, optimal, 46.7, 4, 13.3, 66.7, 60.0, 0.8
892, optimal, 20.0, 4, 13.3, 53.3, 46.7, 0.5
893, optimal, 53.3, 8, 20.0, 20.0, 6.7, 0.8
894, optimal, 40.0, 12, 26.7, 86.7, 60.0, 0.4
895, optimal, 60.0, 8, 20.0, 80.0, 66.7, 0.4
896, optimal, 60.0, 2, 6.7, 80.0, 80.0, 0.5
897, optimal, 73.3, 4, 13.3, 86.7, 73.3, 0.7
898, optimal, 26.7, 12, 26.7, 93.3, 66.7, 0.4
899, optimal, 93.3, 22, 60.0, 100.0, 60.0, 0.5
900, optimal, 26.7, 8, 26.7, 40.0, 20.0, 0.6
901, optimal, 40.0, 12, 26.7, 73.3, 53.3, 0.5
902, optimal, 33.3, 4, 13.3, 73.3, 66.7, 0.5
903, optimal, 73.3, 48, 46.7, 100.0, 53.3, 0.4
904, optimal, 40.0, 4, 13.3, 80.0, 73.3, 0.5
905, optimal, 33.3, 6, 20.0, 60.0, 40.0, 0.7
906, optimal, 73.3, 16, 33.3, 93.3, 60.0, 0.4
907, optimal, 73.3, 12, 33.3, 73.3, 53.3, 0.6
908, optimal, 60.0, 1, 0.0, 73.3, 73.3, 0.5
909, optimal, 40.0, 2, 6.7, 86.7, 86.7, 0.5
910, optimal, 80.0, 6, 20.0, 93.3, 80.0, 0.5
911, optimal, 73.3, 8, 20.0, 100.0, 80.0, 0.5
912, optimal, 53.3, 4, 13.3, 60.0, 53.3, 0.5
913, optimal, 6.7, 8, 60.0, 66.7, 46.7, 0.5
914, optimal, 60.0, 36, 40.0, 86.7, 46.7, 0.4
915, optimal, 40.0, 2, 6.7, 86.7, 86.7, 0.7
916, optimal, 46.7, 4, 13.3, 86.7, 73.3, 0.4
917, optimal, 60.0, 4, 20.0, 60.0, 53.3, 0.5
918, optimal, 53.3, 8, 26.7, 73.3, 53.3, 0.4
919, optimal, 53.3, 4, 13.3, 86.7, 80.0, 0.5
920, optimal, 40.0, 4, 13.3, 66.7, 53.3, 0.5
921, optimal, 26.7, 2, 6.7, 46.7, 46.7, 0.6
922, optimal, 53.3, 120, 66.7, 100.0, 33.3, 0.5
923, optimal, 33.3, 12, 33.3, 46.7, 26.7, 0.5
924, optimal, 46.7, 6, 20.0, 93.3, 80.0, 0.6
925, optimal, 53.3, 4, 13.3, 86.7, 73.3, 0.4
926, optimal, 66.7, 2, 6.7, 80.0, 80.0, 0.5
927, optimal, 40.0, 2, 6.7, 60.0, 60.0, 0.5
928, optimal, 73.3, 6, 20.0, 93.3, 80.0, 0.5
929, optimal, 40.0, 2, 6.7, 86.7, 86.7, 0.5
930, optimal, 80.0, 32, 46.7, 100.0, 60.0, 0.4
931, optimal, 46.7, 120, 66.7, 100.0, 33.3, 0.5
932, optimal, 46.7, 8, 20.0, 80.0, 60.0, 0.5
933, optimal, 66.7, 1, 0.0, 46.7, 46.7, 0.6
934, optimal, 73.3, 12, 26.7, 73.3, 53.3, 0.4
935, optimal, 40.0, 2, 66.7, 60.0, 60.0, 0.5
936, optimal, 40.0, 6, 20.0, 46.7, 26.7, 0.5
937, optimal, 26.7, 4, 20.0, 46.7, 33.3, 0.5
938, optimal, 86.7, 120, 66.7, 100.0, 40.0, 0.4
939, optimal, 53.3, 120, 66.7, 100.0, 33.3, 0.5
940, optimal, 46.7, 12, 40.0, 93.3, 60.0, 0.7
941, optimal, 46.7, 2, 6.7, 80.0, 80.0, 0.6
942, optimal, 73.3, 24, 40.0, 93.3, 60.0, 0.5
943, optimal, 40.0, 12, 33.3, 100.0, 80.0, 0.5
944, optimal, 60.0, 6, 20.0, 73.3, 60.0, 0.6
945, optimal, 66.7, 4, 13.3, 80.0, 73.3, 0.5
946, optimal, 53.3, 720, 100.0, 100.0, 0.0, 4.0
947, optimal, 40.0, 24, 60.0, 100.0, 66.7, 0.5
948, optimal, 33.3, 18, 40.0, 73.3, 40.0, 0.6
949, optimal, 46.7, 48, 46.7, 80.0, 33.3, 0.4
950, optimal, 26.7, 4, 13.3, 60.0, 53.3, 0.5
951, optimal, 53.3, 8, 26.7, 60.0, 40.0, 0.5
952, optimal, 66.7, 12, 33.3, 66.7, 40.0, 0.6
953, optimal, 33.3, 4, 13.3, 46.7, 40.0, 0.5
954, optimal, 40.0, 22, 46.7, 86.7, 40.0, 0.5
955, optimal, 60.0, 1, 0.0, 100.0, 100.0, 0.6
956, optimal, 46.7, 6, 20.0, 66.7, 46.7, 0.4
957, optimal, 60.0, 2, 6.7, 73.3, 73.3, 0.4
958, optimal, 26.7, 36, 40.0, 73.3, 33.3, 0.4
959, optimal, 60.0, 2, 6.7, 73.3, 73.3, 0.6
960, optimal, 60.0, 4, 13.3, 93.3, 86.7, 0.5
961, optimal, 46.7, 720, 100.0, 100.0, 0.0, 4.5
962, optimal, 60.0, 4, 26.7, 86.7, 73.3, 0.6
963, optimal, 60.0, 12, 26.7, 93.3, 73.3, 0.4
964, optimal, 60.0, 2, 6.7, 73.3, 73.3, 0.5
965, optimal, 80.0, 12, 26.7, 86.7, 60.0, 0.4
966, optimal, 33.3, 12, 26.7, 46.7, 20.0, 0.6
967, optimal, 60.0, 4, 20.0, 66.7, 60.0, 0.6
968, optimal, 66.7, 120, 66.7, 100.0, 33.3, 0.5
969, optimal, 53.3, 6, 20.0, 93.3, 80.0, 0.5
970, optimal, 53.3, 12, 26.7, 66.7, 46.7, 0.5
971, optimal, 26.7, 4, 13.3, 53.3, 40.0, 0.6
972, optimal, 26.7, 2, 6.7, 53.3, 53.3, 0.5
973, optimal, 66.7, 2, 6.7, 73.3, 73.3, 0.6
974, optimal, 46.7, 4, 13.3, 86.7, 73.3, 0.4
975, optimal, 66.7, 6, 20.0, 60.0, 46.7, 0.5
976, optimal, 40.0, 48, 46.7, 100.0, 53.3, 0.4
977, optimal, 40.0, 4, 13.3, 73.3, 60.0, 0.7
978, optimal, 80.0, 29, 66.7, 93.3, 46.7, 0.6
979, optimal, 46.7, 4, 13.3, 60.0, 53.3, 0.5
980, optimal, 66.7, 4, 13.3, 93.3, 86.7, 0.5
981, optimal, 46.7, 4, 13.3, 46.7, 40.0, 0.4
982, optimal, 33.3, 24, 46.7, 86.7, 60.0, 0.5
983, optimal, 46.7, 8, 20.0, 80.0, 60.0, 0.5
984, optimal, 40.0, 4, 13.3, 66.7, 53.3, 0.5
985, optimal, 13.3, 4, 20.0, 93.3, 80.0, 0.6
986, optimal, 26.7, 12, 26.7, 60.0, 40.0, 0.6
987, optimal, 40.0, 48, 46.7, 80.0, 33.3, 0.4
988, optimal, 80.0, 4, 53.3, 93.3, 46.7, 0.7
989, optimal, 73.3, 12, 26.7, 86.7, 60.0, 0.4
990, optimal, 46.7, 4, 20.0, 80.0, 73.3, 0.6
991, optimal, 40.0, 8, 46.7, 80.0, 40.0, 0.6
992, optimal, 66.7, 2, 6.7, 66.7, 66.7, 0.6
993, optimal, 40.0, 14, 80.0, 80.0, 40.0, 0.6
994, optimal, 60.0, 2, 6.7, 100.0, 100.0, 0.6
995, optimal, 66.7, 48, 46.7, 100.0, 53.3, 0.4
996, optimal, 33.3, 4, 20.0, 66.7, 60.0, 0.5
997, optimal, 53.3, 120, 66.7, 86.7, 26.7, 0.5
998, optimal, 73.3, 12, 26.7, 73.3, 46.7, 0.4
999, optimal, 26.7, 4, 13.3, 40.0, 33.3, 0.5
